"id","section","name","description","vehiclePart","sourceUrl","callout","option","value","sharedVehicle","relatedAssembly","referenceNote"
"in-seat-left-pan","interior-seat-left","Driver Cushion steel pan","Pressed open seat pan with side flanges and spring attachment points.","seats","/references/fiero-parts-cd.pdf#page=351","17","","","","","Diagram callouts identify the parent service assembly; subdivided construction pieces and unlisted fasteners do not imply separate factory callouts. Local profiles, dimensions and unlisted fastener counts remain reconstructed. Riveted or bonded construction is shown for inspection, not as a service removal instruction."
"in-seat-left-back-frame","interior-seat-left","Driver Integrated-headrest back frame","Welded backrest frame supporting the shoulder and headrest pad.","seats","/references/fiero-parts-cd.pdf#page=351","25","","","","","Diagram callouts identify the parent service assembly; subdivided construction pieces and unlisted fasteners do not imply separate factory callouts. Local profiles, dimensions and unlisted fastener counts remain reconstructed. Riveted or bonded construction is shown for inspection, not as a service removal instruction."
"in-seat-left-cushion-springs","interior-seat-left","Driver Cushion support springs","Separate zigzag support wires beneath the foam; wire count is reconstructed.","seats","/references/fiero-parts-cd.pdf#page=351","17","","","","","Diagram callouts identify the parent service assembly; subdivided construction pieces and unlisted fasteners do not imply separate factory callouts. Local profiles, dimensions and unlisted fastener counts remain reconstructed. Riveted or bonded construction is shown for inspection, not as a service removal instruction."
"in-seat-left-back-springs","interior-seat-left","Driver Backrest support wires","Cross wires within the seat-back frame.","seats","/references/fiero-parts-cd.pdf#page=351","25","","","","","Diagram callouts identify the parent service assembly; subdivided construction pieces and unlisted fasteners do not imply separate factory callouts. Local profiles, dimensions and unlisted fastener counts remain reconstructed. Riveted or bonded construction is shown for inspection, not as a service removal instruction."
"in-seat-left-cushion-foam","interior-seat-left","Driver Molded cushion pad","Contoured pad beneath the complete two-tone cloth cushion cover.","seats","/references/fiero-parts-cd.pdf#page=351","18","","","","","Diagram callouts identify the parent service assembly; subdivided construction pieces and unlisted fasteners do not imply separate factory callouts. Local profiles, dimensions and unlisted fastener counts remain reconstructed. Riveted or bonded construction is shown for inspection, not as a service removal instruction."
"in-seat-left-back-foam","interior-seat-left","Driver Molded backrest/headrest pad","Integrated headrest and lateral-restraint foam with speaker recesses.","seats","/references/fiero-parts-cd.pdf#page=351","25","","","","","Diagram callouts identify the parent service assembly; subdivided construction pieces and unlisted fasteners do not imply separate factory callouts. Local profiles, dimensions and unlisted fastener counts remain reconstructed. Riveted or bonded construction is shown for inspection, not as a service removal instruction."
"in-seat-left-cushion-cover","interior-seat-left","Driver Two-tone cushion upholstery","Light cloth insert, dark sculpted bolsters, transverse seam and underside return.","seats","/references/fiero-parts-cd.pdf#page=351","5","","","","","Diagram callouts identify the parent service assembly; subdivided construction pieces and unlisted fasteners do not imply separate factory callouts. Local profiles, dimensions and unlisted fastener counts remain reconstructed. Riveted or bonded construction is shown for inspection, not as a service removal instruction."
"in-seat-left-back-cover","interior-seat-left","Driver Two-tone backrest upholstery","Rounded integrated headrest, dark side bolsters, light insert and sewn boundaries. Speaker areas are fabric, not square plastic boxes.","seats","/references/fiero-parts-cd.pdf#page=351","26","","","","","Diagram callouts identify the parent service assembly; subdivided construction pieces and unlisted fasteners do not imply separate factory callouts. Local profiles, dimensions and unlisted fastener counts remain reconstructed. Riveted or bonded construction is shown for inspection, not as a service removal instruction."
"in-seat-left-rear-cover","interior-seat-left","Driver Seat-back rear upholstery","Separate rear cloth panel and lower closure seam.","seats","/references/fiero-parts-cd.pdf#page=351","26","","","","","Diagram callouts identify the parent service assembly; subdivided construction pieces and unlisted fasteners do not imply separate factory callouts. Local profiles, dimensions and unlisted fastener counts remain reconstructed. Riveted or bonded construction is shown for inspection, not as a service removal instruction."
"in-seat-left-listing","interior-seat-left","Driver Cover listing wires","Embedded upholstery retaining rods, shown separately from the cover.","seats","/references/fiero-parts-cd.pdf#page=351","26","","","","","Diagram callouts identify the parent service assembly; subdivided construction pieces and unlisted fasteners do not imply separate factory callouts. Local profiles, dimensions and unlisted fastener counts remain reconstructed. Riveted or bonded construction is shown for inspection, not as a service removal instruction."
"in-seat-left-hog-rings","interior-seat-left","Driver Upholstery hog-ring set","Open retaining rings at the lower cover and listing wires. Locations/count are reconstructed rather than a verified production bill.","seats","/references/fiero-parts-cd.pdf#page=351","26","","","","","Diagram callouts identify the parent service assembly; subdivided construction pieces and unlisted fasteners do not imply separate factory callouts. Local profiles, dimensions and unlisted fastener counts remain reconstructed. Riveted or bonded construction is shown for inspection, not as a service removal instruction."
"in-seat-left-track-inner","interior-seat-left","Driver Inboard fixed seat track","Floor-mounted channel with separate sliding upper rail.","seats","/references/fiero-parts-cd.pdf#page=351","11","","","","","Diagram callouts identify the parent service assembly; subdivided construction pieces and unlisted fasteners do not imply separate factory callouts. Local profiles, dimensions and unlisted fastener counts remain reconstructed. Riveted or bonded construction is shown for inspection, not as a service removal instruction."
"in-seat-left-track-outer","interior-seat-left","Driver Outboard fixed seat track","Floor-mounted locking track.","seats","/references/fiero-parts-cd.pdf#page=351","10","","","","","Diagram callouts identify the parent service assembly; subdivided construction pieces and unlisted fasteners do not imply separate factory callouts. Local profiles, dimensions and unlisted fastener counts remain reconstructed. Riveted or bonded construction is shown for inspection, not as a service removal instruction."
"in-seat-left-slider-inner","interior-seat-left","Driver Inboard sliding rail","Seat-side rail retained in the fixed channel.","seats","/references/fiero-parts-cd.pdf#page=351","11","","","","","Diagram callouts identify the parent service assembly; subdivided construction pieces and unlisted fasteners do not imply separate factory callouts. Local profiles, dimensions and unlisted fastener counts remain reconstructed. Riveted or bonded construction is shown for inspection, not as a service removal instruction."
"in-seat-left-slider-outer","interior-seat-left","Driver Outboard sliding rail","Locking upper rail and tooth strip.","seats","/references/fiero-parts-cd.pdf#page=351","10","","","","","Diagram callouts identify the parent service assembly; subdivided construction pieces and unlisted fasteners do not imply separate factory callouts. Local profiles, dimensions and unlisted fastener counts remain reconstructed. Riveted or bonded construction is shown for inspection, not as a service removal instruction."
"in-seat-left-adjust-handle","interior-seat-left","Driver Seat slide release handle","Front manual release handle and lever.","seats","/references/fiero-parts-cd.pdf#page=351","","","","","","Diagram callouts identify the parent service assembly; subdivided construction pieces and unlisted fasteners do not imply separate factory callouts. Local profiles, dimensions and unlisted fastener counts remain reconstructed. Riveted or bonded construction is shown for inspection, not as a service removal instruction."
"in-seat-left-adjust-wire","interior-seat-left","Driver Track latch connecting wire","Wire linking the two track latches.","seats","/references/fiero-parts-cd.pdf#page=351","8","","","","","Diagram callouts identify the parent service assembly; subdivided construction pieces and unlisted fasteners do not imply separate factory callouts. Local profiles, dimensions and unlisted fastener counts remain reconstructed. Riveted or bonded construction is shown for inspection, not as a service removal instruction."
"in-seat-left-adjust-spring","interior-seat-left","Driver Track return spring","Coiled return spring alongside the adjuster.","seats","/references/fiero-parts-cd.pdf#page=351","7","","","","","Diagram callouts identify the parent service assembly; subdivided construction pieces and unlisted fasteners do not imply separate factory callouts. Local profiles, dimensions and unlisted fastener counts remain reconstructed. Riveted or bonded construction is shown for inspection, not as a service removal instruction."
"in-seat-left-recliner","interior-seat-left","Driver Outboard recliner control","Separate stamped recliner assembly. Internal toothed locking profile remains grouped and uncalibrated.","seats","/references/fiero-parts-cd.pdf#page=351","19","","","","","Diagram callouts identify the parent service assembly; subdivided construction pieces and unlisted fasteners do not imply separate factory callouts. Local profiles, dimensions and unlisted fastener counts remain reconstructed. Riveted or bonded construction is shown for inspection, not as a service removal instruction."
"in-seat-left-inner-hinge","interior-seat-left","Driver Inboard backrest hinge","Inboard pivot strap and support plate.","seats","/references/fiero-parts-cd.pdf#page=351","","","","","","Diagram callouts identify the parent service assembly; subdivided construction pieces and unlisted fasteners do not imply separate factory callouts. Local profiles, dimensions and unlisted fastener counts remain reconstructed. Riveted or bonded construction is shown for inspection, not as a service removal instruction."
"in-seat-left-recliner-cover","interior-seat-left","Driver Recliner lower cover","Molded cover concealing the outboard mechanism.","seats","/references/fiero-parts-cd.pdf#page=351","20","","","","","Diagram callouts identify the parent service assembly; subdivided construction pieces and unlisted fasteners do not imply separate factory callouts. Local profiles, dimensions and unlisted fastener counts remain reconstructed. Riveted or bonded construction is shown for inspection, not as a service removal instruction."
"in-seat-left-hinge-protector","interior-seat-left","Driver Recliner hinge protector","Upper protective trim around the backrest pivot.","seats","/references/fiero-parts-cd.pdf#page=351","21","","","","","Diagram callouts identify the parent service assembly; subdivided construction pieces and unlisted fasteners do not imply separate factory callouts. Local profiles, dimensions and unlisted fastener counts remain reconstructed. Riveted or bonded construction is shown for inspection, not as a service removal instruction."
"in-seat-left-recliner-knob","interior-seat-left","Driver Recliner release handle","Small lever knob outside the seat.","seats","/references/fiero-parts-cd.pdf#page=351","22","","","","","Diagram callouts identify the parent service assembly; subdivided construction pieces and unlisted fasteners do not imply separate factory callouts. Local profiles, dimensions and unlisted fastener counts remain reconstructed. Riveted or bonded construction is shown for inspection, not as a service removal instruction."
"in-seat-left-floor-nut-0","interior-seat-left","Driver track floor nut · front inner","Separate floor-stud retaining nut and washer. Size and exact stud locations await measurement.","seats","/references/fiero-parts-cd.pdf#page=351","","","","","","Diagram callouts identify the parent service assembly; subdivided construction pieces and unlisted fasteners do not imply separate factory callouts. Local profiles, dimensions and unlisted fastener counts remain reconstructed. Riveted or bonded construction is shown for inspection, not as a service removal instruction."
"in-seat-left-rail-bolt-0","interior-seat-left","Driver rail-to-pan bolt · front inner","Individual upper track attachment bolt.","seats","/references/fiero-parts-cd.pdf#page=351","17","","","","","Diagram callouts identify the parent service assembly; subdivided construction pieces and unlisted fasteners do not imply separate factory callouts. Local profiles, dimensions and unlisted fastener counts remain reconstructed. Riveted or bonded construction is shown for inspection, not as a service removal instruction."
"in-seat-left-floor-nut-1","interior-seat-left","Driver track floor nut · front outer","Separate floor-stud retaining nut and washer. Size and exact stud locations await measurement.","seats","/references/fiero-parts-cd.pdf#page=351","","","","","","Diagram callouts identify the parent service assembly; subdivided construction pieces and unlisted fasteners do not imply separate factory callouts. Local profiles, dimensions and unlisted fastener counts remain reconstructed. Riveted or bonded construction is shown for inspection, not as a service removal instruction."
"in-seat-left-rail-bolt-1","interior-seat-left","Driver rail-to-pan bolt · front outer","Individual upper track attachment bolt.","seats","/references/fiero-parts-cd.pdf#page=351","17","","","","","Diagram callouts identify the parent service assembly; subdivided construction pieces and unlisted fasteners do not imply separate factory callouts. Local profiles, dimensions and unlisted fastener counts remain reconstructed. Riveted or bonded construction is shown for inspection, not as a service removal instruction."
"in-seat-left-floor-nut-2","interior-seat-left","Driver track floor nut · rear inner","Separate floor-stud retaining nut and washer. Size and exact stud locations await measurement.","seats","/references/fiero-parts-cd.pdf#page=351","","","","","","Diagram callouts identify the parent service assembly; subdivided construction pieces and unlisted fasteners do not imply separate factory callouts. Local profiles, dimensions and unlisted fastener counts remain reconstructed. Riveted or bonded construction is shown for inspection, not as a service removal instruction."
"in-seat-left-rail-bolt-2","interior-seat-left","Driver rail-to-pan bolt · rear inner","Individual upper track attachment bolt.","seats","/references/fiero-parts-cd.pdf#page=351","17","","","","","Diagram callouts identify the parent service assembly; subdivided construction pieces and unlisted fasteners do not imply separate factory callouts. Local profiles, dimensions and unlisted fastener counts remain reconstructed. Riveted or bonded construction is shown for inspection, not as a service removal instruction."
"in-seat-left-floor-nut-3","interior-seat-left","Driver track floor nut · rear outer","Separate floor-stud retaining nut and washer. Size and exact stud locations await measurement.","seats","/references/fiero-parts-cd.pdf#page=351","","","","","","Diagram callouts identify the parent service assembly; subdivided construction pieces and unlisted fasteners do not imply separate factory callouts. Local profiles, dimensions and unlisted fastener counts remain reconstructed. Riveted or bonded construction is shown for inspection, not as a service removal instruction."
"in-seat-left-rail-bolt-3","interior-seat-left","Driver rail-to-pan bolt · rear outer","Individual upper track attachment bolt.","seats","/references/fiero-parts-cd.pdf#page=351","17","","","","","Diagram callouts identify the parent service assembly; subdivided construction pieces and unlisted fasteners do not imply separate factory callouts. Local profiles, dimensions and unlisted fastener counts remain reconstructed. Riveted or bonded construction is shown for inspection, not as a service removal instruction."
"in-seat-left-pivot-0","interior-seat-left","Driver hinge pivot pin · inner","Peened hinge pin. Separation illustrates riveted construction; not a factory remove-and-reuse step.","seats","/references/fiero-parts-cd.pdf#page=351","19","","","","","Diagram callouts identify the parent service assembly; subdivided construction pieces and unlisted fasteners do not imply separate factory callouts. Local profiles, dimensions and unlisted fastener counts remain reconstructed. Riveted or bonded construction is shown for inspection, not as a service removal instruction."
"in-seat-left-cover-screw-0","interior-seat-left","Driver recliner cover screw 1","Individual recessed trim screw.","seats","/references/fiero-parts-cd.pdf#page=351","20","","","","","Diagram callouts identify the parent service assembly; subdivided construction pieces and unlisted fasteners do not imply separate factory callouts. Local profiles, dimensions and unlisted fastener counts remain reconstructed. Riveted or bonded construction is shown for inspection, not as a service removal instruction."
"in-seat-left-pivot-1","interior-seat-left","Driver hinge pivot pin · outer","Peened hinge pin. Separation illustrates riveted construction; not a factory remove-and-reuse step.","seats","/references/fiero-parts-cd.pdf#page=351","19","","","","","Diagram callouts identify the parent service assembly; subdivided construction pieces and unlisted fasteners do not imply separate factory callouts. Local profiles, dimensions and unlisted fastener counts remain reconstructed. Riveted or bonded construction is shown for inspection, not as a service removal instruction."
"in-seat-left-cover-screw-1","interior-seat-left","Driver recliner cover screw 2","Individual recessed trim screw.","seats","/references/fiero-parts-cd.pdf#page=351","20","","","","","Diagram callouts identify the parent service assembly; subdivided construction pieces and unlisted fasteners do not imply separate factory callouts. Local profiles, dimensions and unlisted fastener counts remain reconstructed. Riveted or bonded construction is shown for inspection, not as a service removal instruction."
"in-seat-left-speaker-inner-basket","interior-seat-left","Driver headrest inner speaker basket","Separate original-layout headrest speaker component. Local basket and magnet dimensions remain reconstructed.","seats","/references/fiero-parts-cd.pdf#page=351","24","speakerSeats","true","","","Diagram callouts identify the parent service assembly; subdivided construction pieces and unlisted fasteners do not imply separate factory callouts. Local profiles, dimensions and unlisted fastener counts remain reconstructed. Riveted or bonded construction is shown for inspection, not as a service removal instruction."
"in-seat-left-speaker-inner-cone","interior-seat-left","Driver headrest inner speaker cone","Separate original-layout headrest speaker component. Local basket and magnet dimensions remain reconstructed.","seats","/references/fiero-parts-cd.pdf#page=351","24","speakerSeats","true","","","Diagram callouts identify the parent service assembly; subdivided construction pieces and unlisted fasteners do not imply separate factory callouts. Local profiles, dimensions and unlisted fastener counts remain reconstructed. Riveted or bonded construction is shown for inspection, not as a service removal instruction."
"in-seat-left-speaker-inner-magnet","interior-seat-left","Driver headrest inner speaker magnet","Separate original-layout headrest speaker component. Local basket and magnet dimensions remain reconstructed.","seats","/references/fiero-parts-cd.pdf#page=351","24","speakerSeats","true","","","Diagram callouts identify the parent service assembly; subdivided construction pieces and unlisted fasteners do not imply separate factory callouts. Local profiles, dimensions and unlisted fastener counts remain reconstructed. Riveted or bonded construction is shown for inspection, not as a service removal instruction."
"in-seat-left-speaker-inner-leads","interior-seat-left","Driver headrest inner speaker leads","Separate original-layout headrest speaker component. Local basket and magnet dimensions remain reconstructed.","seats","/references/fiero-parts-cd.pdf#page=351","24","speakerSeats","true","","","Diagram callouts identify the parent service assembly; subdivided construction pieces and unlisted fasteners do not imply separate factory callouts. Local profiles, dimensions and unlisted fastener counts remain reconstructed. Riveted or bonded construction is shown for inspection, not as a service removal instruction."
"in-seat-left-speaker-outer-basket","interior-seat-left","Driver headrest outer speaker basket","Separate original-layout headrest speaker component. Local basket and magnet dimensions remain reconstructed.","seats","/references/fiero-parts-cd.pdf#page=351","24","speakerSeats","true","","","Diagram callouts identify the parent service assembly; subdivided construction pieces and unlisted fasteners do not imply separate factory callouts. Local profiles, dimensions and unlisted fastener counts remain reconstructed. Riveted or bonded construction is shown for inspection, not as a service removal instruction."
"in-seat-left-speaker-outer-cone","interior-seat-left","Driver headrest outer speaker cone","Separate original-layout headrest speaker component. Local basket and magnet dimensions remain reconstructed.","seats","/references/fiero-parts-cd.pdf#page=351","24","speakerSeats","true","","","Diagram callouts identify the parent service assembly; subdivided construction pieces and unlisted fasteners do not imply separate factory callouts. Local profiles, dimensions and unlisted fastener counts remain reconstructed. Riveted or bonded construction is shown for inspection, not as a service removal instruction."
"in-seat-left-speaker-outer-magnet","interior-seat-left","Driver headrest outer speaker magnet","Separate original-layout headrest speaker component. Local basket and magnet dimensions remain reconstructed.","seats","/references/fiero-parts-cd.pdf#page=351","24","speakerSeats","true","","","Diagram callouts identify the parent service assembly; subdivided construction pieces and unlisted fasteners do not imply separate factory callouts. Local profiles, dimensions and unlisted fastener counts remain reconstructed. Riveted or bonded construction is shown for inspection, not as a service removal instruction."
"in-seat-left-speaker-outer-leads","interior-seat-left","Driver headrest outer speaker leads","Separate original-layout headrest speaker component. Local basket and magnet dimensions remain reconstructed.","seats","/references/fiero-parts-cd.pdf#page=351","24","speakerSeats","true","","","Diagram callouts identify the parent service assembly; subdivided construction pieces and unlisted fasteners do not imply separate factory callouts. Local profiles, dimensions and unlisted fastener counts remain reconstructed. Riveted or bonded construction is shown for inspection, not as a service removal instruction."
"in-belt-left-retractor","interior-restraints","Driver Belt retractor","Independent restraint component. Belt routing and mechanism packaging are reconstructed; emergency locking and restraint performance are not simulated.","seats","/references/fiero-parts-cd.pdf#page=351","23","","","","","Diagram callouts identify the parent service assembly; subdivided construction pieces and unlisted fasteners do not imply separate factory callouts. Local profiles, dimensions and unlisted fastener counts remain reconstructed. Riveted or bonded construction is shown for inspection, not as a service removal instruction."
"in-belt-left-webbing","interior-restraints","Driver Three-point belt webbing","Independent restraint component. Belt routing and mechanism packaging are reconstructed; emergency locking and restraint performance are not simulated.","seats","/references/fiero-parts-cd.pdf#page=351","23","","","","","Diagram callouts identify the parent service assembly; subdivided construction pieces and unlisted fasteners do not imply separate factory callouts. Local profiles, dimensions and unlisted fastener counts remain reconstructed. Riveted or bonded construction is shown for inspection, not as a service removal instruction."
"in-belt-left-guide","interior-restraints","Driver Upper belt guide","Independent restraint component. Belt routing and mechanism packaging are reconstructed; emergency locking and restraint performance are not simulated.","seats","/references/fiero-parts-cd.pdf#page=351","23","","","","","Diagram callouts identify the parent service assembly; subdivided construction pieces and unlisted fasteners do not imply separate factory callouts. Local profiles, dimensions and unlisted fastener counts remain reconstructed. Riveted or bonded construction is shown for inspection, not as a service removal instruction."
"in-belt-left-guide-cover","interior-restraints","Driver Upper guide cover","Independent restraint component. Belt routing and mechanism packaging are reconstructed; emergency locking and restraint performance are not simulated.","seats","/references/fiero-parts-cd.pdf#page=351","27","","","","","Diagram callouts identify the parent service assembly; subdivided construction pieces and unlisted fasteners do not imply separate factory callouts. Local profiles, dimensions and unlisted fastener counts remain reconstructed. Riveted or bonded construction is shown for inspection, not as a service removal instruction."
"in-belt-left-latchplate","interior-restraints","Driver Sliding belt tongue","Independent restraint component. Belt routing and mechanism packaging are reconstructed; emergency locking and restraint performance are not simulated.","seats","/references/fiero-parts-cd.pdf#page=351","23","","","","","Diagram callouts identify the parent service assembly; subdivided construction pieces and unlisted fasteners do not imply separate factory callouts. Local profiles, dimensions and unlisted fastener counts remain reconstructed. Riveted or bonded construction is shown for inspection, not as a service removal instruction."
"in-belt-left-buckle","interior-restraints","Driver Inboard buckle","Independent restraint component. Belt routing and mechanism packaging are reconstructed; emergency locking and restraint performance are not simulated.","seats","/references/fiero-parts-cd.pdf#page=351","3","","","","","Diagram callouts identify the parent service assembly; subdivided construction pieces and unlisted fasteners do not imply separate factory callouts. Local profiles, dimensions and unlisted fastener counts remain reconstructed. Riveted or bonded construction is shown for inspection, not as a service removal instruction."
"in-belt-left-button","interior-restraints","Driver Buckle release button","Independent restraint component. Belt routing and mechanism packaging are reconstructed; emergency locking and restraint performance are not simulated.","seats","/references/fiero-parts-cd.pdf#page=351","3","","","","","Diagram callouts identify the parent service assembly; subdivided construction pieces and unlisted fasteners do not imply separate factory callouts. Local profiles, dimensions and unlisted fastener counts remain reconstructed. Riveted or bonded construction is shown for inspection, not as a service removal instruction."
"in-belt-left-buckle-stalk","interior-restraints","Driver Buckle anchor stalk","Independent restraint component. Belt routing and mechanism packaging are reconstructed; emergency locking and restraint performance are not simulated.","seats","/references/fiero-parts-cd.pdf#page=351","3","","","","","Diagram callouts identify the parent service assembly; subdivided construction pieces and unlisted fasteners do not imply separate factory callouts. Local profiles, dimensions and unlisted fastener counts remain reconstructed. Riveted or bonded construction is shown for inspection, not as a service removal instruction."
"in-belt-left-retractor-cover","interior-restraints","Driver Lower retractor cover","Independent restraint component. Belt routing and mechanism packaging are reconstructed; emergency locking and restraint performance are not simulated.","seats","/references/fiero-parts-cd.pdf#page=351","23","","","","","Diagram callouts identify the parent service assembly; subdivided construction pieces and unlisted fasteners do not imply separate factory callouts. Local profiles, dimensions and unlisted fastener counts remain reconstructed. Riveted or bonded construction is shown for inspection, not as a service removal instruction."
"in-belt-left-warning-wire","interior-restraints","Driver Buckle warning lead","Independent restraint component. Belt routing and mechanism packaging are reconstructed; emergency locking and restraint performance are not simulated.","seats","/references/fiero-parts-cd.pdf#page=347","7","","","","","Diagram callouts identify the parent service assembly; subdivided construction pieces and unlisted fasteners do not imply separate factory callouts. Local profiles, dimensions and unlisted fastener counts remain reconstructed. Riveted or bonded construction is shown for inspection, not as a service removal instruction."
"in-belt-left-bolt-0","interior-restraints","Driver belt upper guide bolt","Individual anchor bolt, kept separate from the belt and trim.","seats","/references/fiero-parts-cd.pdf#page=351","","","","","","Diagram callouts identify the parent service assembly; subdivided construction pieces and unlisted fasteners do not imply separate factory callouts. Local profiles, dimensions and unlisted fastener counts remain reconstructed. Riveted or bonded construction is shown for inspection, not as a service removal instruction."
"in-belt-left-bolt-1","interior-restraints","Driver belt retractor bolt","Individual anchor bolt, kept separate from the belt and trim.","seats","/references/fiero-parts-cd.pdf#page=351","","","","","","Diagram callouts identify the parent service assembly; subdivided construction pieces and unlisted fasteners do not imply separate factory callouts. Local profiles, dimensions and unlisted fastener counts remain reconstructed. Riveted or bonded construction is shown for inspection, not as a service removal instruction."
"in-belt-left-bolt-2","interior-restraints","Driver belt lower outer anchor bolt","Individual anchor bolt, kept separate from the belt and trim.","seats","/references/fiero-parts-cd.pdf#page=351","","","","","","Diagram callouts identify the parent service assembly; subdivided construction pieces and unlisted fasteners do not imply separate factory callouts. Local profiles, dimensions and unlisted fastener counts remain reconstructed. Riveted or bonded construction is shown for inspection, not as a service removal instruction."
"in-belt-left-bolt-3","interior-restraints","Driver belt buckle anchor bolt","Individual anchor bolt, kept separate from the belt and trim.","seats","/references/fiero-parts-cd.pdf#page=351","","","","","","Diagram callouts identify the parent service assembly; subdivided construction pieces and unlisted fasteners do not imply separate factory callouts. Local profiles, dimensions and unlisted fastener counts remain reconstructed. Riveted or bonded construction is shown for inspection, not as a service removal instruction."
"in-seat-right-pan","interior-seat-right","Passenger Cushion steel pan","Pressed open seat pan with side flanges and spring attachment points.","seats","/references/fiero-parts-cd.pdf#page=351","17","","","","","Diagram callouts identify the parent service assembly; subdivided construction pieces and unlisted fasteners do not imply separate factory callouts. Local profiles, dimensions and unlisted fastener counts remain reconstructed. Riveted or bonded construction is shown for inspection, not as a service removal instruction."
"in-seat-right-back-frame","interior-seat-right","Passenger Integrated-headrest back frame","Welded backrest frame supporting the shoulder and headrest pad.","seats","/references/fiero-parts-cd.pdf#page=351","25","","","","","Diagram callouts identify the parent service assembly; subdivided construction pieces and unlisted fasteners do not imply separate factory callouts. Local profiles, dimensions and unlisted fastener counts remain reconstructed. Riveted or bonded construction is shown for inspection, not as a service removal instruction."
"in-seat-right-cushion-springs","interior-seat-right","Passenger Cushion support springs","Separate zigzag support wires beneath the foam; wire count is reconstructed.","seats","/references/fiero-parts-cd.pdf#page=351","17","","","","","Diagram callouts identify the parent service assembly; subdivided construction pieces and unlisted fasteners do not imply separate factory callouts. Local profiles, dimensions and unlisted fastener counts remain reconstructed. Riveted or bonded construction is shown for inspection, not as a service removal instruction."
"in-seat-right-back-springs","interior-seat-right","Passenger Backrest support wires","Cross wires within the seat-back frame.","seats","/references/fiero-parts-cd.pdf#page=351","25","","","","","Diagram callouts identify the parent service assembly; subdivided construction pieces and unlisted fasteners do not imply separate factory callouts. Local profiles, dimensions and unlisted fastener counts remain reconstructed. Riveted or bonded construction is shown for inspection, not as a service removal instruction."
"in-seat-right-cushion-foam","interior-seat-right","Passenger Molded cushion pad","Contoured pad beneath the complete two-tone cloth cushion cover.","seats","/references/fiero-parts-cd.pdf#page=351","18","","","","","Diagram callouts identify the parent service assembly; subdivided construction pieces and unlisted fasteners do not imply separate factory callouts. Local profiles, dimensions and unlisted fastener counts remain reconstructed. Riveted or bonded construction is shown for inspection, not as a service removal instruction."
"in-seat-right-back-foam","interior-seat-right","Passenger Molded backrest/headrest pad","Integrated headrest and lateral-restraint foam with speaker recesses.","seats","/references/fiero-parts-cd.pdf#page=351","25","","","","","Diagram callouts identify the parent service assembly; subdivided construction pieces and unlisted fasteners do not imply separate factory callouts. Local profiles, dimensions and unlisted fastener counts remain reconstructed. Riveted or bonded construction is shown for inspection, not as a service removal instruction."
"in-seat-right-cushion-cover","interior-seat-right","Passenger Two-tone cushion upholstery","Light cloth insert, dark sculpted bolsters, transverse seam and underside return.","seats","/references/fiero-parts-cd.pdf#page=351","5","","","","","Diagram callouts identify the parent service assembly; subdivided construction pieces and unlisted fasteners do not imply separate factory callouts. Local profiles, dimensions and unlisted fastener counts remain reconstructed. Riveted or bonded construction is shown for inspection, not as a service removal instruction."
"in-seat-right-back-cover","interior-seat-right","Passenger Two-tone backrest upholstery","Rounded integrated headrest, dark side bolsters, light insert and sewn boundaries. Speaker areas are fabric, not square plastic boxes.","seats","/references/fiero-parts-cd.pdf#page=351","26","","","","","Diagram callouts identify the parent service assembly; subdivided construction pieces and unlisted fasteners do not imply separate factory callouts. Local profiles, dimensions and unlisted fastener counts remain reconstructed. Riveted or bonded construction is shown for inspection, not as a service removal instruction."
"in-seat-right-rear-cover","interior-seat-right","Passenger Seat-back rear upholstery","Separate rear cloth panel and lower closure seam.","seats","/references/fiero-parts-cd.pdf#page=351","26","","","","","Diagram callouts identify the parent service assembly; subdivided construction pieces and unlisted fasteners do not imply separate factory callouts. Local profiles, dimensions and unlisted fastener counts remain reconstructed. Riveted or bonded construction is shown for inspection, not as a service removal instruction."
"in-seat-right-listing","interior-seat-right","Passenger Cover listing wires","Embedded upholstery retaining rods, shown separately from the cover.","seats","/references/fiero-parts-cd.pdf#page=351","26","","","","","Diagram callouts identify the parent service assembly; subdivided construction pieces and unlisted fasteners do not imply separate factory callouts. Local profiles, dimensions and unlisted fastener counts remain reconstructed. Riveted or bonded construction is shown for inspection, not as a service removal instruction."
"in-seat-right-hog-rings","interior-seat-right","Passenger Upholstery hog-ring set","Open retaining rings at the lower cover and listing wires. Locations/count are reconstructed rather than a verified production bill.","seats","/references/fiero-parts-cd.pdf#page=351","26","","","","","Diagram callouts identify the parent service assembly; subdivided construction pieces and unlisted fasteners do not imply separate factory callouts. Local profiles, dimensions and unlisted fastener counts remain reconstructed. Riveted or bonded construction is shown for inspection, not as a service removal instruction."
"in-seat-right-track-inner","interior-seat-right","Passenger Inboard fixed seat track","Floor-mounted channel with separate sliding upper rail.","seats","/references/fiero-parts-cd.pdf#page=351","15","","","","","Diagram callouts identify the parent service assembly; subdivided construction pieces and unlisted fasteners do not imply separate factory callouts. Local profiles, dimensions and unlisted fastener counts remain reconstructed. Riveted or bonded construction is shown for inspection, not as a service removal instruction."
"in-seat-right-track-outer","interior-seat-right","Passenger Outboard fixed seat track","Floor-mounted locking track.","seats","/references/fiero-parts-cd.pdf#page=351","16","","","","","Diagram callouts identify the parent service assembly; subdivided construction pieces and unlisted fasteners do not imply separate factory callouts. Local profiles, dimensions and unlisted fastener counts remain reconstructed. Riveted or bonded construction is shown for inspection, not as a service removal instruction."
"in-seat-right-slider-inner","interior-seat-right","Passenger Inboard sliding rail","Seat-side rail retained in the fixed channel.","seats","/references/fiero-parts-cd.pdf#page=351","15","","","","","Diagram callouts identify the parent service assembly; subdivided construction pieces and unlisted fasteners do not imply separate factory callouts. Local profiles, dimensions and unlisted fastener counts remain reconstructed. Riveted or bonded construction is shown for inspection, not as a service removal instruction."
"in-seat-right-slider-outer","interior-seat-right","Passenger Outboard sliding rail","Locking upper rail and tooth strip.","seats","/references/fiero-parts-cd.pdf#page=351","16","","","","","Diagram callouts identify the parent service assembly; subdivided construction pieces and unlisted fasteners do not imply separate factory callouts. Local profiles, dimensions and unlisted fastener counts remain reconstructed. Riveted or bonded construction is shown for inspection, not as a service removal instruction."
"in-seat-right-adjust-handle","interior-seat-right","Passenger Seat slide release handle","Front manual release handle and lever.","seats","/references/fiero-parts-cd.pdf#page=351","","","","","","Diagram callouts identify the parent service assembly; subdivided construction pieces and unlisted fasteners do not imply separate factory callouts. Local profiles, dimensions and unlisted fastener counts remain reconstructed. Riveted or bonded construction is shown for inspection, not as a service removal instruction."
"in-seat-right-adjust-wire","interior-seat-right","Passenger Track latch connecting wire","Wire linking the two track latches.","seats","/references/fiero-parts-cd.pdf#page=351","8","","","","","Diagram callouts identify the parent service assembly; subdivided construction pieces and unlisted fasteners do not imply separate factory callouts. Local profiles, dimensions and unlisted fastener counts remain reconstructed. Riveted or bonded construction is shown for inspection, not as a service removal instruction."
"in-seat-right-adjust-spring","interior-seat-right","Passenger Track return spring","Coiled return spring alongside the adjuster.","seats","/references/fiero-parts-cd.pdf#page=351","7","","","","","Diagram callouts identify the parent service assembly; subdivided construction pieces and unlisted fasteners do not imply separate factory callouts. Local profiles, dimensions and unlisted fastener counts remain reconstructed. Riveted or bonded construction is shown for inspection, not as a service removal instruction."
"in-seat-right-recliner","interior-seat-right","Passenger Outboard recliner control","Separate stamped recliner assembly. Internal toothed locking profile remains grouped and uncalibrated.","seats","/references/fiero-parts-cd.pdf#page=351","19","","","","","Diagram callouts identify the parent service assembly; subdivided construction pieces and unlisted fasteners do not imply separate factory callouts. Local profiles, dimensions and unlisted fastener counts remain reconstructed. Riveted or bonded construction is shown for inspection, not as a service removal instruction."
"in-seat-right-inner-hinge","interior-seat-right","Passenger Inboard backrest hinge","Inboard pivot strap and support plate.","seats","/references/fiero-parts-cd.pdf#page=351","","","","","","Diagram callouts identify the parent service assembly; subdivided construction pieces and unlisted fasteners do not imply separate factory callouts. Local profiles, dimensions and unlisted fastener counts remain reconstructed. Riveted or bonded construction is shown for inspection, not as a service removal instruction."
"in-seat-right-recliner-cover","interior-seat-right","Passenger Recliner lower cover","Molded cover concealing the outboard mechanism.","seats","/references/fiero-parts-cd.pdf#page=351","20","","","","","Diagram callouts identify the parent service assembly; subdivided construction pieces and unlisted fasteners do not imply separate factory callouts. Local profiles, dimensions and unlisted fastener counts remain reconstructed. Riveted or bonded construction is shown for inspection, not as a service removal instruction."
"in-seat-right-hinge-protector","interior-seat-right","Passenger Recliner hinge protector","Upper protective trim around the backrest pivot.","seats","/references/fiero-parts-cd.pdf#page=351","21","","","","","Diagram callouts identify the parent service assembly; subdivided construction pieces and unlisted fasteners do not imply separate factory callouts. Local profiles, dimensions and unlisted fastener counts remain reconstructed. Riveted or bonded construction is shown for inspection, not as a service removal instruction."
"in-seat-right-recliner-knob","interior-seat-right","Passenger Recliner release handle","Small lever knob outside the seat.","seats","/references/fiero-parts-cd.pdf#page=351","22","","","","","Diagram callouts identify the parent service assembly; subdivided construction pieces and unlisted fasteners do not imply separate factory callouts. Local profiles, dimensions and unlisted fastener counts remain reconstructed. Riveted or bonded construction is shown for inspection, not as a service removal instruction."
"in-seat-right-floor-nut-0","interior-seat-right","Passenger track floor nut · front inner","Separate floor-stud retaining nut and washer. Size and exact stud locations await measurement.","seats","/references/fiero-parts-cd.pdf#page=351","","","","","","Diagram callouts identify the parent service assembly; subdivided construction pieces and unlisted fasteners do not imply separate factory callouts. Local profiles, dimensions and unlisted fastener counts remain reconstructed. Riveted or bonded construction is shown for inspection, not as a service removal instruction."
"in-seat-right-rail-bolt-0","interior-seat-right","Passenger rail-to-pan bolt · front inner","Individual upper track attachment bolt.","seats","/references/fiero-parts-cd.pdf#page=351","17","","","","","Diagram callouts identify the parent service assembly; subdivided construction pieces and unlisted fasteners do not imply separate factory callouts. Local profiles, dimensions and unlisted fastener counts remain reconstructed. Riveted or bonded construction is shown for inspection, not as a service removal instruction."
"in-seat-right-floor-nut-1","interior-seat-right","Passenger track floor nut · front outer","Separate floor-stud retaining nut and washer. Size and exact stud locations await measurement.","seats","/references/fiero-parts-cd.pdf#page=351","","","","","","Diagram callouts identify the parent service assembly; subdivided construction pieces and unlisted fasteners do not imply separate factory callouts. Local profiles, dimensions and unlisted fastener counts remain reconstructed. Riveted or bonded construction is shown for inspection, not as a service removal instruction."
"in-seat-right-rail-bolt-1","interior-seat-right","Passenger rail-to-pan bolt · front outer","Individual upper track attachment bolt.","seats","/references/fiero-parts-cd.pdf#page=351","17","","","","","Diagram callouts identify the parent service assembly; subdivided construction pieces and unlisted fasteners do not imply separate factory callouts. Local profiles, dimensions and unlisted fastener counts remain reconstructed. Riveted or bonded construction is shown for inspection, not as a service removal instruction."
"in-seat-right-floor-nut-2","interior-seat-right","Passenger track floor nut · rear inner","Separate floor-stud retaining nut and washer. Size and exact stud locations await measurement.","seats","/references/fiero-parts-cd.pdf#page=351","","","","","","Diagram callouts identify the parent service assembly; subdivided construction pieces and unlisted fasteners do not imply separate factory callouts. Local profiles, dimensions and unlisted fastener counts remain reconstructed. Riveted or bonded construction is shown for inspection, not as a service removal instruction."
"in-seat-right-rail-bolt-2","interior-seat-right","Passenger rail-to-pan bolt · rear inner","Individual upper track attachment bolt.","seats","/references/fiero-parts-cd.pdf#page=351","17","","","","","Diagram callouts identify the parent service assembly; subdivided construction pieces and unlisted fasteners do not imply separate factory callouts. Local profiles, dimensions and unlisted fastener counts remain reconstructed. Riveted or bonded construction is shown for inspection, not as a service removal instruction."
"in-seat-right-floor-nut-3","interior-seat-right","Passenger track floor nut · rear outer","Separate floor-stud retaining nut and washer. Size and exact stud locations await measurement.","seats","/references/fiero-parts-cd.pdf#page=351","","","","","","Diagram callouts identify the parent service assembly; subdivided construction pieces and unlisted fasteners do not imply separate factory callouts. Local profiles, dimensions and unlisted fastener counts remain reconstructed. Riveted or bonded construction is shown for inspection, not as a service removal instruction."
"in-seat-right-rail-bolt-3","interior-seat-right","Passenger rail-to-pan bolt · rear outer","Individual upper track attachment bolt.","seats","/references/fiero-parts-cd.pdf#page=351","17","","","","","Diagram callouts identify the parent service assembly; subdivided construction pieces and unlisted fasteners do not imply separate factory callouts. Local profiles, dimensions and unlisted fastener counts remain reconstructed. Riveted or bonded construction is shown for inspection, not as a service removal instruction."
"in-seat-right-pivot-0","interior-seat-right","Passenger hinge pivot pin · inner","Peened hinge pin. Separation illustrates riveted construction; not a factory remove-and-reuse step.","seats","/references/fiero-parts-cd.pdf#page=351","19","","","","","Diagram callouts identify the parent service assembly; subdivided construction pieces and unlisted fasteners do not imply separate factory callouts. Local profiles, dimensions and unlisted fastener counts remain reconstructed. Riveted or bonded construction is shown for inspection, not as a service removal instruction."
"in-seat-right-cover-screw-0","interior-seat-right","Passenger recliner cover screw 1","Individual recessed trim screw.","seats","/references/fiero-parts-cd.pdf#page=351","20","","","","","Diagram callouts identify the parent service assembly; subdivided construction pieces and unlisted fasteners do not imply separate factory callouts. Local profiles, dimensions and unlisted fastener counts remain reconstructed. Riveted or bonded construction is shown for inspection, not as a service removal instruction."
"in-seat-right-pivot-1","interior-seat-right","Passenger hinge pivot pin · outer","Peened hinge pin. Separation illustrates riveted construction; not a factory remove-and-reuse step.","seats","/references/fiero-parts-cd.pdf#page=351","19","","","","","Diagram callouts identify the parent service assembly; subdivided construction pieces and unlisted fasteners do not imply separate factory callouts. Local profiles, dimensions and unlisted fastener counts remain reconstructed. Riveted or bonded construction is shown for inspection, not as a service removal instruction."
"in-seat-right-cover-screw-1","interior-seat-right","Passenger recliner cover screw 2","Individual recessed trim screw.","seats","/references/fiero-parts-cd.pdf#page=351","20","","","","","Diagram callouts identify the parent service assembly; subdivided construction pieces and unlisted fasteners do not imply separate factory callouts. Local profiles, dimensions and unlisted fastener counts remain reconstructed. Riveted or bonded construction is shown for inspection, not as a service removal instruction."
"in-seat-right-speaker-inner-basket","interior-seat-right","Passenger headrest inner speaker basket","Separate original-layout headrest speaker component. Local basket and magnet dimensions remain reconstructed.","seats","/references/fiero-parts-cd.pdf#page=351","24","speakerSeats","true","","","Diagram callouts identify the parent service assembly; subdivided construction pieces and unlisted fasteners do not imply separate factory callouts. Local profiles, dimensions and unlisted fastener counts remain reconstructed. Riveted or bonded construction is shown for inspection, not as a service removal instruction."
"in-seat-right-speaker-inner-cone","interior-seat-right","Passenger headrest inner speaker cone","Separate original-layout headrest speaker component. Local basket and magnet dimensions remain reconstructed.","seats","/references/fiero-parts-cd.pdf#page=351","24","speakerSeats","true","","","Diagram callouts identify the parent service assembly; subdivided construction pieces and unlisted fasteners do not imply separate factory callouts. Local profiles, dimensions and unlisted fastener counts remain reconstructed. Riveted or bonded construction is shown for inspection, not as a service removal instruction."
"in-seat-right-speaker-inner-magnet","interior-seat-right","Passenger headrest inner speaker magnet","Separate original-layout headrest speaker component. Local basket and magnet dimensions remain reconstructed.","seats","/references/fiero-parts-cd.pdf#page=351","24","speakerSeats","true","","","Diagram callouts identify the parent service assembly; subdivided construction pieces and unlisted fasteners do not imply separate factory callouts. Local profiles, dimensions and unlisted fastener counts remain reconstructed. Riveted or bonded construction is shown for inspection, not as a service removal instruction."
"in-seat-right-speaker-inner-leads","interior-seat-right","Passenger headrest inner speaker leads","Separate original-layout headrest speaker component. Local basket and magnet dimensions remain reconstructed.","seats","/references/fiero-parts-cd.pdf#page=351","24","speakerSeats","true","","","Diagram callouts identify the parent service assembly; subdivided construction pieces and unlisted fasteners do not imply separate factory callouts. Local profiles, dimensions and unlisted fastener counts remain reconstructed. Riveted or bonded construction is shown for inspection, not as a service removal instruction."
"in-seat-right-speaker-outer-basket","interior-seat-right","Passenger headrest outer speaker basket","Separate original-layout headrest speaker component. Local basket and magnet dimensions remain reconstructed.","seats","/references/fiero-parts-cd.pdf#page=351","24","speakerSeats","true","","","Diagram callouts identify the parent service assembly; subdivided construction pieces and unlisted fasteners do not imply separate factory callouts. Local profiles, dimensions and unlisted fastener counts remain reconstructed. Riveted or bonded construction is shown for inspection, not as a service removal instruction."
"in-seat-right-speaker-outer-cone","interior-seat-right","Passenger headrest outer speaker cone","Separate original-layout headrest speaker component. Local basket and magnet dimensions remain reconstructed.","seats","/references/fiero-parts-cd.pdf#page=351","24","speakerSeats","true","","","Diagram callouts identify the parent service assembly; subdivided construction pieces and unlisted fasteners do not imply separate factory callouts. Local profiles, dimensions and unlisted fastener counts remain reconstructed. Riveted or bonded construction is shown for inspection, not as a service removal instruction."
"in-seat-right-speaker-outer-magnet","interior-seat-right","Passenger headrest outer speaker magnet","Separate original-layout headrest speaker component. Local basket and magnet dimensions remain reconstructed.","seats","/references/fiero-parts-cd.pdf#page=351","24","speakerSeats","true","","","Diagram callouts identify the parent service assembly; subdivided construction pieces and unlisted fasteners do not imply separate factory callouts. Local profiles, dimensions and unlisted fastener counts remain reconstructed. Riveted or bonded construction is shown for inspection, not as a service removal instruction."
"in-seat-right-speaker-outer-leads","interior-seat-right","Passenger headrest outer speaker leads","Separate original-layout headrest speaker component. Local basket and magnet dimensions remain reconstructed.","seats","/references/fiero-parts-cd.pdf#page=351","24","speakerSeats","true","","","Diagram callouts identify the parent service assembly; subdivided construction pieces and unlisted fasteners do not imply separate factory callouts. Local profiles, dimensions and unlisted fastener counts remain reconstructed. Riveted or bonded construction is shown for inspection, not as a service removal instruction."
"in-belt-right-retractor","interior-restraints","Passenger Belt retractor","Independent restraint component. Belt routing and mechanism packaging are reconstructed; emergency locking and restraint performance are not simulated.","seats","/references/fiero-parts-cd.pdf#page=351","23","","","","","Diagram callouts identify the parent service assembly; subdivided construction pieces and unlisted fasteners do not imply separate factory callouts. Local profiles, dimensions and unlisted fastener counts remain reconstructed. Riveted or bonded construction is shown for inspection, not as a service removal instruction."
"in-belt-right-webbing","interior-restraints","Passenger Three-point belt webbing","Independent restraint component. Belt routing and mechanism packaging are reconstructed; emergency locking and restraint performance are not simulated.","seats","/references/fiero-parts-cd.pdf#page=351","23","","","","","Diagram callouts identify the parent service assembly; subdivided construction pieces and unlisted fasteners do not imply separate factory callouts. Local profiles, dimensions and unlisted fastener counts remain reconstructed. Riveted or bonded construction is shown for inspection, not as a service removal instruction."
"in-belt-right-guide","interior-restraints","Passenger Upper belt guide","Independent restraint component. Belt routing and mechanism packaging are reconstructed; emergency locking and restraint performance are not simulated.","seats","/references/fiero-parts-cd.pdf#page=351","23","","","","","Diagram callouts identify the parent service assembly; subdivided construction pieces and unlisted fasteners do not imply separate factory callouts. Local profiles, dimensions and unlisted fastener counts remain reconstructed. Riveted or bonded construction is shown for inspection, not as a service removal instruction."
"in-belt-right-guide-cover","interior-restraints","Passenger Upper guide cover","Independent restraint component. Belt routing and mechanism packaging are reconstructed; emergency locking and restraint performance are not simulated.","seats","/references/fiero-parts-cd.pdf#page=351","27","","","","","Diagram callouts identify the parent service assembly; subdivided construction pieces and unlisted fasteners do not imply separate factory callouts. Local profiles, dimensions and unlisted fastener counts remain reconstructed. Riveted or bonded construction is shown for inspection, not as a service removal instruction."
"in-belt-right-latchplate","interior-restraints","Passenger Sliding belt tongue","Independent restraint component. Belt routing and mechanism packaging are reconstructed; emergency locking and restraint performance are not simulated.","seats","/references/fiero-parts-cd.pdf#page=351","23","","","","","Diagram callouts identify the parent service assembly; subdivided construction pieces and unlisted fasteners do not imply separate factory callouts. Local profiles, dimensions and unlisted fastener counts remain reconstructed. Riveted or bonded construction is shown for inspection, not as a service removal instruction."
"in-belt-right-buckle","interior-restraints","Passenger Inboard buckle","Independent restraint component. Belt routing and mechanism packaging are reconstructed; emergency locking and restraint performance are not simulated.","seats","/references/fiero-parts-cd.pdf#page=351","3","","","","","Diagram callouts identify the parent service assembly; subdivided construction pieces and unlisted fasteners do not imply separate factory callouts. Local profiles, dimensions and unlisted fastener counts remain reconstructed. Riveted or bonded construction is shown for inspection, not as a service removal instruction."
"in-belt-right-button","interior-restraints","Passenger Buckle release button","Independent restraint component. Belt routing and mechanism packaging are reconstructed; emergency locking and restraint performance are not simulated.","seats","/references/fiero-parts-cd.pdf#page=351","3","","","","","Diagram callouts identify the parent service assembly; subdivided construction pieces and unlisted fasteners do not imply separate factory callouts. Local profiles, dimensions and unlisted fastener counts remain reconstructed. Riveted or bonded construction is shown for inspection, not as a service removal instruction."
"in-belt-right-buckle-stalk","interior-restraints","Passenger Buckle anchor stalk","Independent restraint component. Belt routing and mechanism packaging are reconstructed; emergency locking and restraint performance are not simulated.","seats","/references/fiero-parts-cd.pdf#page=351","3","","","","","Diagram callouts identify the parent service assembly; subdivided construction pieces and unlisted fasteners do not imply separate factory callouts. Local profiles, dimensions and unlisted fastener counts remain reconstructed. Riveted or bonded construction is shown for inspection, not as a service removal instruction."
"in-belt-right-retractor-cover","interior-restraints","Passenger Lower retractor cover","Independent restraint component. Belt routing and mechanism packaging are reconstructed; emergency locking and restraint performance are not simulated.","seats","/references/fiero-parts-cd.pdf#page=351","23","","","","","Diagram callouts identify the parent service assembly; subdivided construction pieces and unlisted fasteners do not imply separate factory callouts. Local profiles, dimensions and unlisted fastener counts remain reconstructed. Riveted or bonded construction is shown for inspection, not as a service removal instruction."
"in-belt-right-warning-wire","interior-restraints","Passenger Buckle warning lead","Independent restraint component. Belt routing and mechanism packaging are reconstructed; emergency locking and restraint performance are not simulated.","seats","/references/fiero-parts-cd.pdf#page=347","7","","","","","Diagram callouts identify the parent service assembly; subdivided construction pieces and unlisted fasteners do not imply separate factory callouts. Local profiles, dimensions and unlisted fastener counts remain reconstructed. Riveted or bonded construction is shown for inspection, not as a service removal instruction."
"in-belt-right-bolt-0","interior-restraints","Passenger belt upper guide bolt","Individual anchor bolt, kept separate from the belt and trim.","seats","/references/fiero-parts-cd.pdf#page=351","","","","","","Diagram callouts identify the parent service assembly; subdivided construction pieces and unlisted fasteners do not imply separate factory callouts. Local profiles, dimensions and unlisted fastener counts remain reconstructed. Riveted or bonded construction is shown for inspection, not as a service removal instruction."
"in-belt-right-bolt-1","interior-restraints","Passenger belt retractor bolt","Individual anchor bolt, kept separate from the belt and trim.","seats","/references/fiero-parts-cd.pdf#page=351","","","","","","Diagram callouts identify the parent service assembly; subdivided construction pieces and unlisted fasteners do not imply separate factory callouts. Local profiles, dimensions and unlisted fastener counts remain reconstructed. Riveted or bonded construction is shown for inspection, not as a service removal instruction."
"in-belt-right-bolt-2","interior-restraints","Passenger belt lower outer anchor bolt","Individual anchor bolt, kept separate from the belt and trim.","seats","/references/fiero-parts-cd.pdf#page=351","","","","","","Diagram callouts identify the parent service assembly; subdivided construction pieces and unlisted fasteners do not imply separate factory callouts. Local profiles, dimensions and unlisted fastener counts remain reconstructed. Riveted or bonded construction is shown for inspection, not as a service removal instruction."
"in-belt-right-bolt-3","interior-restraints","Passenger belt buckle anchor bolt","Individual anchor bolt, kept separate from the belt and trim.","seats","/references/fiero-parts-cd.pdf#page=351","","","","","","Diagram callouts identify the parent service assembly; subdivided construction pieces and unlisted fasteners do not imply separate factory callouts. Local profiles, dimensions and unlisted fastener counts remain reconstructed. Riveted or bonded construction is shown for inspection, not as a service removal instruction."
"in-dash-pad","interior-dashboard","Instrument-panel molded pad","Sculpted upper pad and lower face with an open passenger map-pocket aperture.","dashboard","/references/fiero-parts-cd.pdf#page=290","1","","","","","Diagram callouts identify the parent service assembly; subdivided construction pieces and unlisted fasteners do not imply separate factory callouts. Local profiles, dimensions and unlisted fastener counts remain reconstructed. Riveted or bonded construction is shown for inspection, not as a service removal instruction."
"in-dash-pocket","interior-dashboard","Passenger map-pocket tub","Recessed map pocket with an open mouth, not a conventional glovebox.","dashboard","/references/fiero-parts-cd.pdf#page=290","7","","","","","Diagram callouts identify the parent service assembly; subdivided construction pieces and unlisted fasteners do not imply separate factory callouts. Local profiles, dimensions and unlisted fastener counts remain reconstructed. Riveted or bonded construction is shown for inspection, not as a service removal instruction."
"in-dash-pocket-lip","interior-dashboard","Passenger map-pocket retaining lip","Removable lower pocket holder.","dashboard","/references/fiero-parts-cd.pdf#page=290","8","","","","","Diagram callouts identify the parent service assembly; subdivided construction pieces and unlisted fasteners do not imply separate factory callouts. Local profiles, dimensions and unlisted fastener counts remain reconstructed. Riveted or bonded construction is shown for inspection, not as a service removal instruction."
"in-dash-left-end","interior-dashboard","Driver end-vent surround","Tall trapezoidal pod around the vertical outlet.","dashboard","/references/fiero-parts-cd.pdf#page=290","27","","","","","Diagram callouts identify the parent service assembly; subdivided construction pieces and unlisted fasteners do not imply separate factory callouts. Local profiles, dimensions and unlisted fastener counts remain reconstructed. Riveted or bonded construction is shown for inspection, not as a service removal instruction."
"in-dash-right-end","interior-dashboard","Passenger end-vent surround","Matching right outlet surround.","dashboard","/references/fiero-parts-cd.pdf#page=290","5","","","","","Diagram callouts identify the parent service assembly; subdivided construction pieces and unlisted fasteners do not imply separate factory callouts. Local profiles, dimensions and unlisted fastener counts remain reconstructed. Riveted or bonded construction is shown for inspection, not as a service removal instruction."
"in-dash-carrier","interior-dashboard","Instrument-panel carrier","Cross-car carrier, brackets and column opening beneath the pad.","dashboard","/references/fiero-parts-cd.pdf#page=290","1","","","","","Diagram callouts identify the parent service assembly; subdivided construction pieces and unlisted fasteners do not imply separate factory callouts. Local profiles, dimensions and unlisted fastener counts remain reconstructed. Riveted or bonded construction is shown for inspection, not as a service removal instruction."
"in-dash-lower-trim","interior-dashboard","Lower driver hush trim","Removable panel below the instrument pod and column.","dashboard","/references/fiero-parts-cd.pdf#page=290","17","","","","","Diagram callouts identify the parent service assembly; subdivided construction pieces and unlisted fasteners do not imply separate factory callouts. Local profiles, dimensions and unlisted fastener counts remain reconstructed. Riveted or bonded construction is shown for inspection, not as a service removal instruction."
"in-dash-left-grille","interior-dashboard","Driver dash speaker grille","Separate component of the elongated dash speaker assembly; original local tooling remains unmeasured.","dashboard","/references/fiero-parts-cd.pdf#page=290","2","","","","","Diagram callouts identify the parent service assembly; subdivided construction pieces and unlisted fasteners do not imply separate factory callouts. Local profiles, dimensions and unlisted fastener counts remain reconstructed. Riveted or bonded construction is shown for inspection, not as a service removal instruction."
"in-dash-left-speaker-basket","interior-dashboard","Driver dash speaker basket","Separate component of the elongated dash speaker assembly; original local tooling remains unmeasured.","dashboard","/references/fiero-parts-cd.pdf#page=290","3","","","","","Diagram callouts identify the parent service assembly; subdivided construction pieces and unlisted fasteners do not imply separate factory callouts. Local profiles, dimensions and unlisted fastener counts remain reconstructed. Riveted or bonded construction is shown for inspection, not as a service removal instruction."
"in-dash-left-speaker-cone","interior-dashboard","Driver dash speaker cone","Separate component of the elongated dash speaker assembly; original local tooling remains unmeasured.","dashboard","/references/fiero-parts-cd.pdf#page=290","3","","","","","Diagram callouts identify the parent service assembly; subdivided construction pieces and unlisted fasteners do not imply separate factory callouts. Local profiles, dimensions and unlisted fastener counts remain reconstructed. Riveted or bonded construction is shown for inspection, not as a service removal instruction."
"in-dash-left-speaker-magnet","interior-dashboard","Driver dash speaker magnet","Separate component of the elongated dash speaker assembly; original local tooling remains unmeasured.","dashboard","/references/fiero-parts-cd.pdf#page=290","3","","","","","Diagram callouts identify the parent service assembly; subdivided construction pieces and unlisted fasteners do not imply separate factory callouts. Local profiles, dimensions and unlisted fastener counts remain reconstructed. Riveted or bonded construction is shown for inspection, not as a service removal instruction."
"in-dash-left-speaker-plug","interior-dashboard","Driver dash speaker plug","Separate component of the elongated dash speaker assembly; original local tooling remains unmeasured.","dashboard","/references/fiero-parts-cd.pdf#page=290","3","","","","","Diagram callouts identify the parent service assembly; subdivided construction pieces and unlisted fasteners do not imply separate factory callouts. Local profiles, dimensions and unlisted fastener counts remain reconstructed. Riveted or bonded construction is shown for inspection, not as a service removal instruction."
"in-dash-right-grille","interior-dashboard","Passenger dash speaker grille","Separate component of the elongated dash speaker assembly; original local tooling remains unmeasured.","dashboard","/references/fiero-parts-cd.pdf#page=290","2","","","","","Diagram callouts identify the parent service assembly; subdivided construction pieces and unlisted fasteners do not imply separate factory callouts. Local profiles, dimensions and unlisted fastener counts remain reconstructed. Riveted or bonded construction is shown for inspection, not as a service removal instruction."
"in-dash-right-speaker-basket","interior-dashboard","Passenger dash speaker basket","Separate component of the elongated dash speaker assembly; original local tooling remains unmeasured.","dashboard","/references/fiero-parts-cd.pdf#page=290","3","","","","","Diagram callouts identify the parent service assembly; subdivided construction pieces and unlisted fasteners do not imply separate factory callouts. Local profiles, dimensions and unlisted fastener counts remain reconstructed. Riveted or bonded construction is shown for inspection, not as a service removal instruction."
"in-dash-right-speaker-cone","interior-dashboard","Passenger dash speaker cone","Separate component of the elongated dash speaker assembly; original local tooling remains unmeasured.","dashboard","/references/fiero-parts-cd.pdf#page=290","3","","","","","Diagram callouts identify the parent service assembly; subdivided construction pieces and unlisted fasteners do not imply separate factory callouts. Local profiles, dimensions and unlisted fastener counts remain reconstructed. Riveted or bonded construction is shown for inspection, not as a service removal instruction."
"in-dash-right-speaker-magnet","interior-dashboard","Passenger dash speaker magnet","Separate component of the elongated dash speaker assembly; original local tooling remains unmeasured.","dashboard","/references/fiero-parts-cd.pdf#page=290","3","","","","","Diagram callouts identify the parent service assembly; subdivided construction pieces and unlisted fasteners do not imply separate factory callouts. Local profiles, dimensions and unlisted fastener counts remain reconstructed. Riveted or bonded construction is shown for inspection, not as a service removal instruction."
"in-dash-right-speaker-plug","interior-dashboard","Passenger dash speaker plug","Separate component of the elongated dash speaker assembly; original local tooling remains unmeasured.","dashboard","/references/fiero-parts-cd.pdf#page=290","3","","","","","Diagram callouts identify the parent service assembly; subdivided construction pieces and unlisted fasteners do not imply separate factory callouts. Local profiles, dimensions and unlisted fastener counts remain reconstructed. Riveted or bonded construction is shown for inspection, not as a service removal instruction."
"in-dash-screw-0","interior-dashboard","Instrument-panel attachment screw 1","Individual pad/carrier attachment. Pattern reconstructed from the catalog relationship.","dashboard","/references/fiero-parts-cd.pdf#page=290","","","","","","Diagram callouts identify the parent service assembly; subdivided construction pieces and unlisted fasteners do not imply separate factory callouts. Local profiles, dimensions and unlisted fastener counts remain reconstructed. Riveted or bonded construction is shown for inspection, not as a service removal instruction."
"in-dash-screw-1","interior-dashboard","Instrument-panel attachment screw 2","Individual pad/carrier attachment. Pattern reconstructed from the catalog relationship.","dashboard","/references/fiero-parts-cd.pdf#page=290","","","","","","Diagram callouts identify the parent service assembly; subdivided construction pieces and unlisted fasteners do not imply separate factory callouts. Local profiles, dimensions and unlisted fastener counts remain reconstructed. Riveted or bonded construction is shown for inspection, not as a service removal instruction."
"in-dash-screw-2","interior-dashboard","Instrument-panel attachment screw 3","Individual pad/carrier attachment. Pattern reconstructed from the catalog relationship.","dashboard","/references/fiero-parts-cd.pdf#page=290","","","","","","Diagram callouts identify the parent service assembly; subdivided construction pieces and unlisted fasteners do not imply separate factory callouts. Local profiles, dimensions and unlisted fastener counts remain reconstructed. Riveted or bonded construction is shown for inspection, not as a service removal instruction."
"in-dash-screw-3","interior-dashboard","Instrument-panel attachment screw 4","Individual pad/carrier attachment. Pattern reconstructed from the catalog relationship.","dashboard","/references/fiero-parts-cd.pdf#page=290","","","","","","Diagram callouts identify the parent service assembly; subdivided construction pieces and unlisted fasteners do not imply separate factory callouts. Local profiles, dimensions and unlisted fastener counts remain reconstructed. Riveted or bonded construction is shown for inspection, not as a service removal instruction."
"in-dash-screw-4","interior-dashboard","Instrument-panel attachment screw 5","Individual pad/carrier attachment. Pattern reconstructed from the catalog relationship.","dashboard","/references/fiero-parts-cd.pdf#page=290","","","","","","Diagram callouts identify the parent service assembly; subdivided construction pieces and unlisted fasteners do not imply separate factory callouts. Local profiles, dimensions and unlisted fastener counts remain reconstructed. Riveted or bonded construction is shown for inspection, not as a service removal instruction."
"in-dash-screw-5","interior-dashboard","Instrument-panel attachment screw 6","Individual pad/carrier attachment. Pattern reconstructed from the catalog relationship.","dashboard","/references/fiero-parts-cd.pdf#page=290","","","","","","Diagram callouts identify the parent service assembly; subdivided construction pieces and unlisted fasteners do not imply separate factory callouts. Local profiles, dimensions and unlisted fastener counts remain reconstructed. Riveted or bonded construction is shown for inspection, not as a service removal instruction."
"in-console-skeleton","interior-console","Console mounting skeleton","Open mounting spine under the front bezel, shift plate and rear storage.","shifter","/references/fiero-parts-cd.pdf#page=294","17","","","","","Diagram callouts identify the parent service assembly; subdivided construction pieces and unlisted fasteners do not imply separate factory callouts. Local profiles, dimensions and unlisted fastener counts remain reconstructed. Riveted or bonded construction is shown for inspection, not as a service removal instruction."
"in-console-front","interior-console","Radio/HVAC console surround","Tapered front surround with real openings for the outlet, heater control and radio.","shifter","/references/fiero-parts-cd.pdf#page=294","1","","","","","Diagram callouts identify the parent service assembly; subdivided construction pieces and unlisted fasteners do not imply separate factory callouts. Local profiles, dimensions and unlisted fastener counts remain reconstructed. Riveted or bonded construction is shown for inspection, not as a service removal instruction."
"in-console-face","interior-console","Oxford-gray radio/HVAC trim plate","1985 gray face plate with separate control and receiver apertures.","shifter","/references/fiero-parts-cd.pdf#page=294","32","","","","","Diagram callouts identify the parent service assembly; subdivided construction pieces and unlisted fasteners do not imply separate factory callouts. Local profiles, dimensions and unlisted fastener counts remain reconstructed. Riveted or bonded construction is shown for inspection, not as a service removal instruction."
"in-console-shift-surround","interior-console","Manual shift surround","Molded forward floor-console surround with an open shift/control aperture.","shifter","/references/fiero-parts-cd.pdf#page=294","9","","","","","Diagram callouts identify the parent service assembly; subdivided construction pieces and unlisted fasteners do not imply separate factory callouts. Local profiles, dimensions and unlisted fastener counts remain reconstructed. Riveted or bonded construction is shown for inspection, not as a service removal instruction."
"in-console-shift-plate","interior-console","Four-speed shift trim plate","Oxford-gray four-speed insert with boot, ashtray and control openings.","shifter","/references/fiero-parts-cd.pdf#page=294","9","","","","","Diagram callouts identify the parent service assembly; subdivided construction pieces and unlisted fasteners do not imply separate factory callouts. Local profiles, dimensions and unlisted fastener counts remain reconstructed. Riveted or bonded construction is shown for inspection, not as a service removal instruction."
"in-console-boot","interior-console","Four-speed shift boot","Flexible sewn boot with tapered folds and lower flange.","shifter","/references/fiero-parts-cd.pdf#page=294","9","","","","","Diagram callouts identify the parent service assembly; subdivided construction pieces and unlisted fasteners do not imply separate factory callouts. Local profiles, dimensions and unlisted fastener counts remain reconstructed. Riveted or bonded construction is shown for inspection, not as a service removal instruction."
"in-console-boot-ring","interior-console","Shift-boot retainer","Separate lower boot retaining frame.","shifter","/references/fiero-parts-cd.pdf#page=294","9","","","","","Diagram callouts identify the parent service assembly; subdivided construction pieces and unlisted fasteners do not imply separate factory callouts. Local profiles, dimensions and unlisted fastener counts remain reconstructed. Riveted or bonded construction is shown for inspection, not as a service removal instruction."
"in-console-lever","interior-console","Manual shift lever","Formed lever and pivot barrel above the existing cable linkage.","shifter","/references/fiero-parts-cd.pdf#page=294","9","","","","","Diagram callouts identify the parent service assembly; subdivided construction pieces and unlisted fasteners do not imply separate factory callouts. Local profiles, dimensions and unlisted fastener counts remain reconstructed. Riveted or bonded construction is shown for inspection, not as a service removal instruction."
"in-console-knob","interior-console","Four-speed shift knob","Rounded tapered grip with a four-speed shift-pattern cap.","shifter","/references/fiero-parts-cd.pdf#page=294","9","","","","","Diagram callouts identify the parent service assembly; subdivided construction pieces and unlisted fasteners do not imply separate factory callouts. Local profiles, dimensions and unlisted fastener counts remain reconstructed. Riveted or bonded construction is shown for inspection, not as a service removal instruction."
"in-console-knob-clip","interior-console","Shift-knob retaining clip","Removable retaining clip at the knob base.","shifter","/references/fiero-parts-cd.pdf#page=294","9","","","","","Diagram callouts identify the parent service assembly; subdivided construction pieces and unlisted fasteners do not imply separate factory callouts. Local profiles, dimensions and unlisted fastener counts remain reconstructed. Riveted or bonded construction is shown for inspection, not as a service removal instruction."
"in-console-rear-pad","interior-console","Rear console padded shell","High padded armrest continuing to the rear upright; real storage-door and side-vent openings.","shifter","/references/fiero-parts-cd.pdf#page=294","19","","","","","Diagram callouts identify the parent service assembly; subdivided construction pieces and unlisted fasteners do not imply separate factory callouts. Local profiles, dimensions and unlisted fastener counts remain reconstructed. Riveted or bonded construction is shown for inspection, not as a service removal instruction."
"in-console-storage","interior-console","Rear console storage tub","Open cubby above the ECM area.","shifter","/references/fiero-parts-cd.pdf#page=294","25","","","","","Diagram callouts identify the parent service assembly; subdivided construction pieces and unlisted fasteners do not imply separate factory callouts. Local profiles, dimensions and unlisted fastener counts remain reconstructed. Riveted or bonded construction is shown for inspection, not as a service removal instruction."
"in-console-storage-door","interior-console","Rear storage door","Upright padded front door and latch opening.","shifter","/references/fiero-parts-cd.pdf#page=294","29","","","","","Diagram callouts identify the parent service assembly; subdivided construction pieces and unlisted fasteners do not imply separate factory callouts. Local profiles, dimensions and unlisted fastener counts remain reconstructed. Riveted or bonded construction is shown for inspection, not as a service removal instruction."
"in-console-storage-hinge","interior-console","Storage-door hinge","Lower pin-and-leaf hinge.","shifter","/references/fiero-parts-cd.pdf#page=294","30","","","","","Diagram callouts identify the parent service assembly; subdivided construction pieces and unlisted fasteners do not imply separate factory callouts. Local profiles, dimensions and unlisted fastener counts remain reconstructed. Riveted or bonded construction is shown for inspection, not as a service removal instruction."
"in-console-storage-latch","interior-console","Storage-door latch","Separate latch at the upper door edge.","shifter","/references/fiero-parts-cd.pdf#page=294","28","","","","","Diagram callouts identify the parent service assembly; subdivided construction pieces and unlisted fasteners do not imply separate factory callouts. Local profiles, dimensions and unlisted fastener counts remain reconstructed. Riveted or bonded construction is shown for inspection, not as a service removal instruction."
"in-console-storage-spring","interior-console","Storage-door latch spring","Small return spring, separate from latch.","shifter","/references/fiero-parts-cd.pdf#page=294","26","","","","","Diagram callouts identify the parent service assembly; subdivided construction pieces and unlisted fasteners do not imply separate factory callouts. Local profiles, dimensions and unlisted fastener counts remain reconstructed. Riveted or bonded construction is shown for inspection, not as a service removal instruction."
"in-console-storage-striker","interior-console","Storage-door striker","Striker retained inside the console shell.","shifter","/references/fiero-parts-cd.pdf#page=294","27","","","","","Diagram callouts identify the parent service assembly; subdivided construction pieces and unlisted fasteners do not imply separate factory callouts. Local profiles, dimensions and unlisted fastener counts remain reconstructed. Riveted or bonded construction is shown for inspection, not as a service removal instruction."
"in-console-lighter","interior-console","Cigarette lighter insert","Separate knob and element carrier; not electrically simulated.","shifter","/references/fiero-parts-cd.pdf#page=294","34","","","","","Diagram callouts identify the parent service assembly; subdivided construction pieces and unlisted fasteners do not imply separate factory callouts. Local profiles, dimensions and unlisted fastener counts remain reconstructed. Riveted or bonded construction is shown for inspection, not as a service removal instruction."
"in-console-lighter-socket","interior-console","Lighter socket and insulator","Open metal socket with insulated terminal.","shifter","/references/fiero-parts-cd.pdf#page=294","35","","","","","Diagram callouts identify the parent service assembly; subdivided construction pieces and unlisted fasteners do not imply separate factory callouts. Local profiles, dimensions and unlisted fastener counts remain reconstructed. Riveted or bonded construction is shown for inspection, not as a service removal instruction."
"in-console-lighter-retainer","interior-console","Lighter retaining ring","Separate threaded retaining ring.","shifter","/references/fiero-parts-cd.pdf#page=294","35","","","","","Diagram callouts identify the parent service assembly; subdivided construction pieces and unlisted fasteners do not imply separate factory callouts. Local profiles, dimensions and unlisted fastener counts remain reconstructed. Riveted or bonded construction is shown for inspection, not as a service removal instruction."
"in-console-left-ashtray","interior-console","Left removable ashtray","Independent early-console part, following the 1984–85 diagram.","shifter","/references/fiero-parts-cd.pdf#page=294","3","","","","","Diagram callouts identify the parent service assembly; subdivided construction pieces and unlisted fasteners do not imply separate factory callouts. Local profiles, dimensions and unlisted fastener counts remain reconstructed. Riveted or bonded construction is shown for inspection, not as a service removal instruction."
"in-console-left-ashtray-door","interior-console","Left ashtray lid","Independent early-console part, following the 1984–85 diagram.","shifter","/references/fiero-parts-cd.pdf#page=294","3","","","","","Diagram callouts identify the parent service assembly; subdivided construction pieces and unlisted fasteners do not imply separate factory callouts. Local profiles, dimensions and unlisted fastener counts remain reconstructed. Riveted or bonded construction is shown for inspection, not as a service removal instruction."
"in-console-left-ashtray-spring","interior-console","Left ashtray hinge spring","Independent early-console part, following the 1984–85 diagram.","shifter","/references/fiero-parts-cd.pdf#page=294","3","","","","","Diagram callouts identify the parent service assembly; subdivided construction pieces and unlisted fasteners do not imply separate factory callouts. Local profiles, dimensions and unlisted fastener counts remain reconstructed. Riveted or bonded construction is shown for inspection, not as a service removal instruction."
"in-console-left-vent","interior-console","Left rear-console side vent","Independent early-console part, following the 1984–85 diagram.","shifter","/references/fiero-parts-cd.pdf#page=294","23","","","","","Diagram callouts identify the parent service assembly; subdivided construction pieces and unlisted fasteners do not imply separate factory callouts. Local profiles, dimensions and unlisted fastener counts remain reconstructed. Riveted or bonded construction is shown for inspection, not as a service removal instruction."
"in-console-window-left","interior-console","Driver power-window switch","Separate rocker and switch housing.","shifter","/references/fiero-parts-cd.pdf#page=295","44","powerWindows","true","","","Diagram callouts identify the parent service assembly; subdivided construction pieces and unlisted fasteners do not imply separate factory callouts. Local profiles, dimensions and unlisted fastener counts remain reconstructed. Riveted or bonded construction is shown for inspection, not as a service removal instruction."
"in-console-blank-left","interior-console","Driver manual-window blank","Blanking insert used when the power-window switches are absent.","shifter","/references/fiero-parts-cd.pdf#page=294","12","powerWindows","false","","","Diagram callouts identify the parent service assembly; subdivided construction pieces and unlisted fasteners do not imply separate factory callouts. Local profiles, dimensions and unlisted fastener counts remain reconstructed. Riveted or bonded construction is shown for inspection, not as a service removal instruction."
"in-console-right-ashtray","interior-console","Right removable ashtray","Independent early-console part, following the 1984–85 diagram.","shifter","/references/fiero-parts-cd.pdf#page=294","3","","","","","Diagram callouts identify the parent service assembly; subdivided construction pieces and unlisted fasteners do not imply separate factory callouts. Local profiles, dimensions and unlisted fastener counts remain reconstructed. Riveted or bonded construction is shown for inspection, not as a service removal instruction."
"in-console-right-ashtray-door","interior-console","Right ashtray lid","Independent early-console part, following the 1984–85 diagram.","shifter","/references/fiero-parts-cd.pdf#page=294","3","","","","","Diagram callouts identify the parent service assembly; subdivided construction pieces and unlisted fasteners do not imply separate factory callouts. Local profiles, dimensions and unlisted fastener counts remain reconstructed. Riveted or bonded construction is shown for inspection, not as a service removal instruction."
"in-console-right-ashtray-spring","interior-console","Right ashtray hinge spring","Independent early-console part, following the 1984–85 diagram.","shifter","/references/fiero-parts-cd.pdf#page=294","3","","","","","Diagram callouts identify the parent service assembly; subdivided construction pieces and unlisted fasteners do not imply separate factory callouts. Local profiles, dimensions and unlisted fastener counts remain reconstructed. Riveted or bonded construction is shown for inspection, not as a service removal instruction."
"in-console-right-vent","interior-console","Right rear-console side vent","Independent early-console part, following the 1984–85 diagram.","shifter","/references/fiero-parts-cd.pdf#page=294","18","","","","","Diagram callouts identify the parent service assembly; subdivided construction pieces and unlisted fasteners do not imply separate factory callouts. Local profiles, dimensions and unlisted fastener counts remain reconstructed. Riveted or bonded construction is shown for inspection, not as a service removal instruction."
"in-console-window-right","interior-console","Passenger power-window switch","Separate rocker and switch housing.","shifter","/references/fiero-parts-cd.pdf#page=295","45","powerWindows","true","","","Diagram callouts identify the parent service assembly; subdivided construction pieces and unlisted fasteners do not imply separate factory callouts. Local profiles, dimensions and unlisted fastener counts remain reconstructed. Riveted or bonded construction is shown for inspection, not as a service removal instruction."
"in-console-blank-right","interior-console","Passenger manual-window blank","Blanking insert used when the power-window switches are absent.","shifter","/references/fiero-parts-cd.pdf#page=294","12","powerWindows","false","","","Diagram callouts identify the parent service assembly; subdivided construction pieces and unlisted fasteners do not imply separate factory callouts. Local profiles, dimensions and unlisted fastener counts remain reconstructed. Riveted or bonded construction is shown for inspection, not as a service removal instruction."
"in-console-mirror-switch","interior-console","Power-mirror control","Four-way control and mounting plate.","shifter","/references/fiero-parts-cd.pdf#page=294","13","powerMirrors","true","","","Diagram callouts identify the parent service assembly; subdivided construction pieces and unlisted fasteners do not imply separate factory callouts. Local profiles, dimensions and unlisted fastener counts remain reconstructed. Riveted or bonded construction is shown for inspection, not as a service removal instruction."
"in-console-screw-0","interior-console","Console trim screw 1","Individually separated screw at the radio face, shift surround or rear shell. Exact pattern remains reconstructed.","shifter","/references/fiero-parts-cd.pdf#page=294","2","","","","","Diagram callouts identify the parent service assembly; subdivided construction pieces and unlisted fasteners do not imply separate factory callouts. Local profiles, dimensions and unlisted fastener counts remain reconstructed. Riveted or bonded construction is shown for inspection, not as a service removal instruction."
"in-console-screw-1","interior-console","Console trim screw 2","Individually separated screw at the radio face, shift surround or rear shell. Exact pattern remains reconstructed.","shifter","/references/fiero-parts-cd.pdf#page=294","2","","","","","Diagram callouts identify the parent service assembly; subdivided construction pieces and unlisted fasteners do not imply separate factory callouts. Local profiles, dimensions and unlisted fastener counts remain reconstructed. Riveted or bonded construction is shown for inspection, not as a service removal instruction."
"in-console-screw-2","interior-console","Console trim screw 3","Individually separated screw at the radio face, shift surround or rear shell. Exact pattern remains reconstructed.","shifter","/references/fiero-parts-cd.pdf#page=294","2","","","","","Diagram callouts identify the parent service assembly; subdivided construction pieces and unlisted fasteners do not imply separate factory callouts. Local profiles, dimensions and unlisted fastener counts remain reconstructed. Riveted or bonded construction is shown for inspection, not as a service removal instruction."
"in-console-screw-3","interior-console","Console trim screw 4","Individually separated screw at the radio face, shift surround or rear shell. Exact pattern remains reconstructed.","shifter","/references/fiero-parts-cd.pdf#page=294","2","","","","","Diagram callouts identify the parent service assembly; subdivided construction pieces and unlisted fasteners do not imply separate factory callouts. Local profiles, dimensions and unlisted fastener counts remain reconstructed. Riveted or bonded construction is shown for inspection, not as a service removal instruction."
"in-console-screw-4","interior-console","Console trim screw 5","Individually separated screw at the radio face, shift surround or rear shell. Exact pattern remains reconstructed.","shifter","/references/fiero-parts-cd.pdf#page=294","2","","","","","Diagram callouts identify the parent service assembly; subdivided construction pieces and unlisted fasteners do not imply separate factory callouts. Local profiles, dimensions and unlisted fastener counts remain reconstructed. Riveted or bonded construction is shown for inspection, not as a service removal instruction."
"in-console-screw-5","interior-console","Console trim screw 6","Individually separated screw at the radio face, shift surround or rear shell. Exact pattern remains reconstructed.","shifter","/references/fiero-parts-cd.pdf#page=294","2","","","","","Diagram callouts identify the parent service assembly; subdivided construction pieces and unlisted fasteners do not imply separate factory callouts. Local profiles, dimensions and unlisted fastener counts remain reconstructed. Riveted or bonded construction is shown for inspection, not as a service removal instruction."
"in-console-screw-6","interior-console","Console trim screw 7","Individually separated screw at the radio face, shift surround or rear shell. Exact pattern remains reconstructed.","shifter","/references/fiero-parts-cd.pdf#page=294","2","","","","","Diagram callouts identify the parent service assembly; subdivided construction pieces and unlisted fasteners do not imply separate factory callouts. Local profiles, dimensions and unlisted fastener counts remain reconstructed. Riveted or bonded construction is shown for inspection, not as a service removal instruction."
"in-console-screw-7","interior-console","Console trim screw 8","Individually separated screw at the radio face, shift surround or rear shell. Exact pattern remains reconstructed.","shifter","/references/fiero-parts-cd.pdf#page=294","2","","","","","Diagram callouts identify the parent service assembly; subdivided construction pieces and unlisted fasteners do not imply separate factory callouts. Local profiles, dimensions and unlisted fastener counts remain reconstructed. Riveted or bonded construction is shown for inspection, not as a service removal instruction."
"in-console-screw-8","interior-console","Console trim screw 9","Individually separated screw at the radio face, shift surround or rear shell. Exact pattern remains reconstructed.","shifter","/references/fiero-parts-cd.pdf#page=294","2","","","","","Diagram callouts identify the parent service assembly; subdivided construction pieces and unlisted fasteners do not imply separate factory callouts. Local profiles, dimensions and unlisted fastener counts remain reconstructed. Riveted or bonded construction is shown for inspection, not as a service removal instruction."
"in-console-screw-9","interior-console","Console trim screw 10","Individually separated screw at the radio face, shift surround or rear shell. Exact pattern remains reconstructed.","shifter","/references/fiero-parts-cd.pdf#page=294","2","","","","","Diagram callouts identify the parent service assembly; subdivided construction pieces and unlisted fasteners do not imply separate factory callouts. Local profiles, dimensions and unlisted fastener counts remain reconstructed. Riveted or bonded construction is shown for inspection, not as a service removal instruction."
"in-radio-case","interior-radio","Delco receiver case","Separate folded receiver enclosure; internal electronic boards remain grouped.","dashboard","/references/fiero-parts-cd.pdf#page=290","11","","","","","Diagram callouts identify the parent service assembly; subdivided construction pieces and unlisted fasteners do not imply separate factory callouts. Local profiles, dimensions and unlisted fastener counts remain reconstructed. Riveted or bonded construction is shown for inspection, not as a service removal instruction."
"in-radio-face","interior-radio","Delco radio face and display","Period horizontal display, tuning controls and preset row; configured audio variants remain previews.","dashboard","/references/fiero-parts-cd.pdf#page=290","11","","","","","Diagram callouts identify the parent service assembly; subdivided construction pieces and unlisted fasteners do not imply separate factory callouts. Local profiles, dimensions and unlisted fastener counts remain reconstructed. Riveted or bonded construction is shown for inspection, not as a service removal instruction."
"in-radio-bracket","interior-radio","Radio mounting bracket","Stamped support behind the receiver.","dashboard","/references/fiero-parts-cd.pdf#page=290","11","","","","","Diagram callouts identify the parent service assembly; subdivided construction pieces and unlisted fasteners do not imply separate factory callouts. Local profiles, dimensions and unlisted fastener counts remain reconstructed. Riveted or bonded construction is shown for inspection, not as a service removal instruction."
"in-radio-plugs","interior-radio","Radio connectors and antenna lead","Separate rear connectors and short coaxial branch; pin assignments remain unverified.","dashboard","/references/fiero-parts-cd.pdf#page=290","11","","","","","Diagram callouts identify the parent service assembly; subdivided construction pieces and unlisted fasteners do not imply separate factory callouts. Local profiles, dimensions and unlisted fastener counts remain reconstructed. Riveted or bonded construction is shown for inspection, not as a service removal instruction."
"in-radio-knob-0","interior-radio","Radio volume knob","Independent concentric knob and shaft.","dashboard","/references/fiero-parts-cd.pdf#page=290","11","","","","","Diagram callouts identify the parent service assembly; subdivided construction pieces and unlisted fasteners do not imply separate factory callouts. Local profiles, dimensions and unlisted fastener counts remain reconstructed. Riveted or bonded construction is shown for inspection, not as a service removal instruction."
"in-radio-knob-1","interior-radio","Radio tuning knob","Independent concentric knob and shaft.","dashboard","/references/fiero-parts-cd.pdf#page=290","11","","","","","Diagram callouts identify the parent service assembly; subdivided construction pieces and unlisted fasteners do not imply separate factory callouts. Local profiles, dimensions and unlisted fastener counts remain reconstructed. Riveted or bonded construction is shown for inspection, not as a service removal instruction."
"in-radio-screw-0","interior-radio","Radio attachment screw 1","Separate receiver bracket/face attachment screw.","dashboard","/references/fiero-parts-cd.pdf#page=290","11","","","","","Diagram callouts identify the parent service assembly; subdivided construction pieces and unlisted fasteners do not imply separate factory callouts. Local profiles, dimensions and unlisted fastener counts remain reconstructed. Riveted or bonded construction is shown for inspection, not as a service removal instruction."
"in-radio-screw-1","interior-radio","Radio attachment screw 2","Separate receiver bracket/face attachment screw.","dashboard","/references/fiero-parts-cd.pdf#page=290","11","","","","","Diagram callouts identify the parent service assembly; subdivided construction pieces and unlisted fasteners do not imply separate factory callouts. Local profiles, dimensions and unlisted fastener counts remain reconstructed. Riveted or bonded construction is shown for inspection, not as a service removal instruction."
"in-radio-screw-2","interior-radio","Radio attachment screw 3","Separate receiver bracket/face attachment screw.","dashboard","/references/fiero-parts-cd.pdf#page=290","11","","","","","Diagram callouts identify the parent service assembly; subdivided construction pieces and unlisted fasteners do not imply separate factory callouts. Local profiles, dimensions and unlisted fastener counts remain reconstructed. Riveted or bonded construction is shown for inspection, not as a service removal instruction."
"in-radio-screw-3","interior-radio","Radio attachment screw 4","Separate receiver bracket/face attachment screw.","dashboard","/references/fiero-parts-cd.pdf#page=290","11","","","","","Diagram callouts identify the parent service assembly; subdivided construction pieces and unlisted fasteners do not imply separate factory callouts. Local profiles, dimensions and unlisted fastener counts remain reconstructed. Riveted or bonded construction is shown for inspection, not as a service removal instruction."
"in-door-left-panel","interior-door-left","Driver door-trim board and upholstery","Two-tone molded upper panel, lower carpet and formed rear edge.","door-trim-left","/references/fiero-parts-cd.pdf#page=347","37","","","false","","Diagram callouts identify the parent service assembly; subdivided construction pieces and unlisted fasteners do not imply separate factory callouts. Local profiles, dimensions and unlisted fastener counts remain reconstructed. Riveted or bonded construction is shown for inspection, not as a service removal instruction."
"in-door-left-armrest","interior-door-left","Driver door armrest and pull","Long horizontal armrest with an inclined forward pull handle.","door-trim-left","/references/fiero-parts-cd.pdf#page=347","25","","","false","","Diagram callouts identify the parent service assembly; subdivided construction pieces and unlisted fasteners do not imply separate factory callouts. Local profiles, dimensions and unlisted fastener counts remain reconstructed. Riveted or bonded construction is shown for inspection, not as a service removal instruction."
"in-door-left-armrest-bracket","interior-door-left","Driver armrest support bracket","Metal support behind the removable pull.","door-trim-left","/references/fiero-parts-cd.pdf#page=347","33","","","false","","Diagram callouts identify the parent service assembly; subdivided construction pieces and unlisted fasteners do not imply separate factory callouts. Local profiles, dimensions and unlisted fastener counts remain reconstructed. Riveted or bonded construction is shown for inspection, not as a service removal instruction."
"in-door-left-handle-cup","interior-door-left","Driver inside handle escutcheon","Black inset cup with a real lever recess.","door-trim-left","/references/fiero-parts-cd.pdf#page=347","21","","","false","","Diagram callouts identify the parent service assembly; subdivided construction pieces and unlisted fasteners do not imply separate factory callouts. Local profiles, dimensions and unlisted fastener counts remain reconstructed. Riveted or bonded construction is shown for inspection, not as a service removal instruction."
"in-door-left-handle","interior-door-left","Driver inside release lever","Separate interior release lever and pivot.","door-trim-left","/references/fiero-parts-cd.pdf#page=347","23","","","false","","Diagram callouts identify the parent service assembly; subdivided construction pieces and unlisted fasteners do not imply separate factory callouts. Local profiles, dimensions and unlisted fastener counts remain reconstructed. Riveted or bonded construction is shown for inspection, not as a service removal instruction."
"in-door-left-lock-slider","interior-door-left","Driver manual lock slider","Separate lock control adjacent to the release lever.","door-trim-left","/references/fiero-parts-cd.pdf#page=347","21","","","false","","Diagram callouts identify the parent service assembly; subdivided construction pieces and unlisted fasteners do not imply separate factory callouts. Local profiles, dimensions and unlisted fastener counts remain reconstructed. Riveted or bonded construction is shown for inspection, not as a service removal instruction."
"in-door-left-water-shield","interior-door-left","Driver door water deflector","Thin inner moisture shield behind the trim board. Adhesive route remains reconstructed.","door-trim-left","/references/fiero-parts-cd.pdf#page=347","37","","","false","","Diagram callouts identify the parent service assembly; subdivided construction pieces and unlisted fasteners do not imply separate factory callouts. Local profiles, dimensions and unlisted fastener counts remain reconstructed. Riveted or bonded construction is shown for inspection, not as a service removal instruction."
"in-door-left-retainers","interior-door-left","Driver door-trim retaining clips","Shared nine-clip set already present in the Body explorer; not duplicated in the installed vehicle.","door-trim-left","/references/fiero-parts-cd.pdf#page=347","37","","","true","","Diagram callouts identify the parent service assembly; subdivided construction pieces and unlisted fasteners do not imply separate factory callouts. Local profiles, dimensions and unlisted fastener counts remain reconstructed. Riveted or bonded construction is shown for inspection, not as a service removal instruction."
"in-door-left-crank","interior-door-left","Driver window crank","Manual winding handle with rotating knob.","door-trim-left","/references/fiero-parts-cd.pdf#page=347","28","powerWindows","false","","","Diagram callouts identify the parent service assembly; subdivided construction pieces and unlisted fasteners do not imply separate factory callouts. Local profiles, dimensions and unlisted fastener counts remain reconstructed. Riveted or bonded construction is shown for inspection, not as a service removal instruction."
"in-door-left-crank-clip","interior-door-left","Driver window-crank retaining clip","Spring clip behind the handle hub.","door-trim-left","/references/fiero-parts-cd.pdf#page=347","27","powerWindows","false","","","Diagram callouts identify the parent service assembly; subdivided construction pieces and unlisted fasteners do not imply separate factory callouts. Local profiles, dimensions and unlisted fastener counts remain reconstructed. Riveted or bonded construction is shown for inspection, not as a service removal instruction."
"in-door-left-pocket","interior-door-left","Driver door map pocket","Separate soft map pocket with an open upper edge.","door-trim-left","/references/fiero-parts-cd.pdf#page=347","31","mapPockets","true","","","Diagram callouts identify the parent service assembly; subdivided construction pieces and unlisted fasteners do not imply separate factory callouts. Local profiles, dimensions and unlisted fastener counts remain reconstructed. Riveted or bonded construction is shown for inspection, not as a service removal instruction."
"in-door-left-armrest-screw-0","interior-door-left","Driver armrest screw 1","Separate armrest attachment screw.","door-trim-left","/references/fiero-parts-cd.pdf#page=347","","","","","","Diagram callouts identify the parent service assembly; subdivided construction pieces and unlisted fasteners do not imply separate factory callouts. Local profiles, dimensions and unlisted fastener counts remain reconstructed. Riveted or bonded construction is shown for inspection, not as a service removal instruction."
"in-door-left-armrest-screw-1","interior-door-left","Driver armrest screw 2","Separate armrest attachment screw.","door-trim-left","/references/fiero-parts-cd.pdf#page=347","","","","","","Diagram callouts identify the parent service assembly; subdivided construction pieces and unlisted fasteners do not imply separate factory callouts. Local profiles, dimensions and unlisted fastener counts remain reconstructed. Riveted or bonded construction is shown for inspection, not as a service removal instruction."
"in-door-left-handle-screw","interior-door-left","Driver handle-bezel screw","Individual escutcheon attachment screw.","door-trim-left","/references/fiero-parts-cd.pdf#page=347","","","","","","Diagram callouts identify the parent service assembly; subdivided construction pieces and unlisted fasteners do not imply separate factory callouts. Local profiles, dimensions and unlisted fastener counts remain reconstructed. Riveted or bonded construction is shown for inspection, not as a service removal instruction."
"in-door-right-panel","interior-door-right","Passenger door-trim board and upholstery","Two-tone molded upper panel, lower carpet and formed rear edge.","door-trim-right","/references/fiero-parts-cd.pdf#page=347","37","","","false","","Diagram callouts identify the parent service assembly; subdivided construction pieces and unlisted fasteners do not imply separate factory callouts. Local profiles, dimensions and unlisted fastener counts remain reconstructed. Riveted or bonded construction is shown for inspection, not as a service removal instruction."
"in-door-right-armrest","interior-door-right","Passenger door armrest and pull","Long horizontal armrest with an inclined forward pull handle.","door-trim-right","/references/fiero-parts-cd.pdf#page=347","25","","","false","","Diagram callouts identify the parent service assembly; subdivided construction pieces and unlisted fasteners do not imply separate factory callouts. Local profiles, dimensions and unlisted fastener counts remain reconstructed. Riveted or bonded construction is shown for inspection, not as a service removal instruction."
"in-door-right-armrest-bracket","interior-door-right","Passenger armrest support bracket","Metal support behind the removable pull.","door-trim-right","/references/fiero-parts-cd.pdf#page=347","33","","","false","","Diagram callouts identify the parent service assembly; subdivided construction pieces and unlisted fasteners do not imply separate factory callouts. Local profiles, dimensions and unlisted fastener counts remain reconstructed. Riveted or bonded construction is shown for inspection, not as a service removal instruction."
"in-door-right-handle-cup","interior-door-right","Passenger inside handle escutcheon","Black inset cup with a real lever recess.","door-trim-right","/references/fiero-parts-cd.pdf#page=347","21","","","false","","Diagram callouts identify the parent service assembly; subdivided construction pieces and unlisted fasteners do not imply separate factory callouts. Local profiles, dimensions and unlisted fastener counts remain reconstructed. Riveted or bonded construction is shown for inspection, not as a service removal instruction."
"in-door-right-handle","interior-door-right","Passenger inside release lever","Separate interior release lever and pivot.","door-trim-right","/references/fiero-parts-cd.pdf#page=347","23","","","false","","Diagram callouts identify the parent service assembly; subdivided construction pieces and unlisted fasteners do not imply separate factory callouts. Local profiles, dimensions and unlisted fastener counts remain reconstructed. Riveted or bonded construction is shown for inspection, not as a service removal instruction."
"in-door-right-lock-slider","interior-door-right","Passenger manual lock slider","Separate lock control adjacent to the release lever.","door-trim-right","/references/fiero-parts-cd.pdf#page=347","21","","","false","","Diagram callouts identify the parent service assembly; subdivided construction pieces and unlisted fasteners do not imply separate factory callouts. Local profiles, dimensions and unlisted fastener counts remain reconstructed. Riveted or bonded construction is shown for inspection, not as a service removal instruction."
"in-door-right-water-shield","interior-door-right","Passenger door water deflector","Thin inner moisture shield behind the trim board. Adhesive route remains reconstructed.","door-trim-right","/references/fiero-parts-cd.pdf#page=347","37","","","false","","Diagram callouts identify the parent service assembly; subdivided construction pieces and unlisted fasteners do not imply separate factory callouts. Local profiles, dimensions and unlisted fastener counts remain reconstructed. Riveted or bonded construction is shown for inspection, not as a service removal instruction."
"in-door-right-retainers","interior-door-right","Passenger door-trim retaining clips","Shared nine-clip set already present in the Body explorer; not duplicated in the installed vehicle.","door-trim-right","/references/fiero-parts-cd.pdf#page=347","37","","","true","","Diagram callouts identify the parent service assembly; subdivided construction pieces and unlisted fasteners do not imply separate factory callouts. Local profiles, dimensions and unlisted fastener counts remain reconstructed. Riveted or bonded construction is shown for inspection, not as a service removal instruction."
"in-door-right-crank","interior-door-right","Passenger window crank","Manual winding handle with rotating knob.","door-trim-right","/references/fiero-parts-cd.pdf#page=347","28","powerWindows","false","","","Diagram callouts identify the parent service assembly; subdivided construction pieces and unlisted fasteners do not imply separate factory callouts. Local profiles, dimensions and unlisted fastener counts remain reconstructed. Riveted or bonded construction is shown for inspection, not as a service removal instruction."
"in-door-right-crank-clip","interior-door-right","Passenger window-crank retaining clip","Spring clip behind the handle hub.","door-trim-right","/references/fiero-parts-cd.pdf#page=347","27","powerWindows","false","","","Diagram callouts identify the parent service assembly; subdivided construction pieces and unlisted fasteners do not imply separate factory callouts. Local profiles, dimensions and unlisted fastener counts remain reconstructed. Riveted or bonded construction is shown for inspection, not as a service removal instruction."
"in-door-right-pocket","interior-door-right","Passenger door map pocket","Separate soft map pocket with an open upper edge.","door-trim-right","/references/fiero-parts-cd.pdf#page=347","31","mapPockets","true","","","Diagram callouts identify the parent service assembly; subdivided construction pieces and unlisted fasteners do not imply separate factory callouts. Local profiles, dimensions and unlisted fastener counts remain reconstructed. Riveted or bonded construction is shown for inspection, not as a service removal instruction."
"in-door-right-armrest-screw-0","interior-door-right","Passenger armrest screw 1","Separate armrest attachment screw.","door-trim-right","/references/fiero-parts-cd.pdf#page=347","","","","","","Diagram callouts identify the parent service assembly; subdivided construction pieces and unlisted fasteners do not imply separate factory callouts. Local profiles, dimensions and unlisted fastener counts remain reconstructed. Riveted or bonded construction is shown for inspection, not as a service removal instruction."
"in-door-right-armrest-screw-1","interior-door-right","Passenger armrest screw 2","Separate armrest attachment screw.","door-trim-right","/references/fiero-parts-cd.pdf#page=347","","","","","","Diagram callouts identify the parent service assembly; subdivided construction pieces and unlisted fasteners do not imply separate factory callouts. Local profiles, dimensions and unlisted fastener counts remain reconstructed. Riveted or bonded construction is shown for inspection, not as a service removal instruction."
"in-door-right-handle-screw","interior-door-right","Passenger handle-bezel screw","Individual escutcheon attachment screw.","door-trim-right","/references/fiero-parts-cd.pdf#page=347","","","","","","Diagram callouts identify the parent service assembly; subdivided construction pieces and unlisted fasteners do not imply separate factory callouts. Local profiles, dimensions and unlisted fastener counts remain reconstructed. Riveted or bonded construction is shown for inspection, not as a service removal instruction."
"in-trim-bulkhead","interior-trim","Carpeted rear bulkhead panel","Separate carpet panel behind both seats with a centre console relief.","cabin-trim","/references/fiero-parts-cd.pdf#page=351","1","","","","","Diagram callouts identify the parent service assembly; subdivided construction pieces and unlisted fasteners do not imply separate factory callouts. Local profiles, dimensions and unlisted fastener counts remain reconstructed. Riveted or bonded construction is shown for inspection, not as a service removal instruction."
"in-trim-headliner","interior-trim","Molded fabric headliner","Roof-shaped lining with an actual opening for the glass-roof configuration. Contour reconstructed from the body; this diagram does not dimension the headliner.","cabin-trim","/references/fiero-parts-cd.pdf#page=347","","","","","","Diagram callouts identify the parent service assembly; subdivided construction pieces and unlisted fasteners do not imply separate factory callouts. Local profiles, dimensions and unlisted fastener counts remain reconstructed. Riveted or bonded construction is shown for inspection, not as a service removal instruction."
"in-trim-mirror","interior-trim","Interior rear-view mirror","Mirror head, rim and reflective glass.","cabin-trim","/references/fiero-parts-cd.pdf#page=347","11","","","","","Diagram callouts identify the parent service assembly; subdivided construction pieces and unlisted fasteners do not imply separate factory callouts. Local profiles, dimensions and unlisted fastener counts remain reconstructed. Riveted or bonded construction is shown for inspection, not as a service removal instruction."
"in-trim-mirror-stem","interior-trim","Interior mirror stalk","Independent adjustable stem.","cabin-trim","/references/fiero-parts-cd.pdf#page=347","11","","","","","Diagram callouts identify the parent service assembly; subdivided construction pieces and unlisted fasteners do not imply separate factory callouts. Local profiles, dimensions and unlisted fastener counts remain reconstructed. Riveted or bonded construction is shown for inspection, not as a service removal instruction."
"in-trim-mirror-button","interior-trim","Windshield mirror button","Bonded mounting button; separation is construction illustration.","cabin-trim","/references/fiero-parts-cd.pdf#page=347","11","","","","","Diagram callouts identify the parent service assembly; subdivided construction pieces and unlisted fasteners do not imply separate factory callouts. Local profiles, dimensions and unlisted fastener counts remain reconstructed. Riveted or bonded construction is shown for inspection, not as a service removal instruction."
"in-trim-left-carpet","interior-trim","Driver formed footwell carpet","Contoured floor carpet rising over the sill and centre tunnel.","cabin-trim","/references/fiero-parts-cd.pdf#page=351","12","","","","","Diagram callouts identify the parent service assembly; subdivided construction pieces and unlisted fasteners do not imply separate factory callouts. Local profiles, dimensions and unlisted fastener counts remain reconstructed. Riveted or bonded construction is shown for inspection, not as a service removal instruction."
"in-trim-left-underlay","interior-trim","Driver floor sound pad","Insulating pad beneath the carpet.","cabin-trim","/references/fiero-parts-cd.pdf#page=351","12","","","","","Diagram callouts identify the parent service assembly; subdivided construction pieces and unlisted fasteners do not imply separate factory callouts. Local profiles, dimensions and unlisted fastener counts remain reconstructed. Riveted or bonded construction is shown for inspection, not as a service removal instruction."
"in-trim-left-sill","interior-trim","Driver door-sill plate","Long removable sill trim with attachment recesses.","cabin-trim","/references/fiero-parts-cd.pdf#page=351","14","","","","","Diagram callouts identify the parent service assembly; subdivided construction pieces and unlisted fasteners do not imply separate factory callouts. Local profiles, dimensions and unlisted fastener counts remain reconstructed. Riveted or bonded construction is shown for inspection, not as a service removal instruction."
"in-trim-left-a-pillar","interior-trim","Driver A-pillar interior garnish","Slim molded inner windshield-pillar trim following the shared body opening.","cabin-trim","/references/fiero-parts-cd.pdf#page=347","15","","","","","Diagram callouts identify the parent service assembly; subdivided construction pieces and unlisted fasteners do not imply separate factory callouts. Local profiles, dimensions and unlisted fastener counts remain reconstructed. Riveted or bonded construction is shown for inspection, not as a service removal instruction."
"in-trim-left-b-pillar","interior-trim","Driver rear pillar garnish","Early 1985 quarter trim without the later sail-panel speakers.","cabin-trim","/references/fiero-parts-cd.pdf#page=347","17","","","","","Diagram callouts identify the parent service assembly; subdivided construction pieces and unlisted fasteners do not imply separate factory callouts. Local profiles, dimensions and unlisted fastener counts remain reconstructed. Riveted or bonded construction is shown for inspection, not as a service removal instruction."
"in-trim-left-visor","interior-trim","Driver sun visor","Padded visor with separate pivot and support.","cabin-trim","/references/fiero-parts-cd.pdf#page=347","9","","","","","Diagram callouts identify the parent service assembly; subdivided construction pieces and unlisted fasteners do not imply separate factory callouts. Local profiles, dimensions and unlisted fastener counts remain reconstructed. Riveted or bonded construction is shown for inspection, not as a service removal instruction."
"in-trim-left-visor-pivot","interior-trim","Driver visor pivot and bracket","Separate metal pivot and body bracket.","cabin-trim","/references/fiero-parts-cd.pdf#page=347","8","","","","","Diagram callouts identify the parent service assembly; subdivided construction pieces and unlisted fasteners do not imply separate factory callouts. Local profiles, dimensions and unlisted fastener counts remain reconstructed. Riveted or bonded construction is shown for inspection, not as a service removal instruction."
"in-trim-left-visor-clip","interior-trim","Driver visor support clip","Independent inner visor retainer; support subcomponent reconstructed.","cabin-trim","/references/fiero-parts-cd.pdf#page=347","8","","","","","Diagram callouts identify the parent service assembly; subdivided construction pieces and unlisted fasteners do not imply separate factory callouts. Local profiles, dimensions and unlisted fastener counts remain reconstructed. Riveted or bonded construction is shown for inspection, not as a service removal instruction."
"in-trim-right-carpet","interior-trim","Passenger formed footwell carpet","Contoured floor carpet rising over the sill and centre tunnel.","cabin-trim","/references/fiero-parts-cd.pdf#page=351","12","","","","","Diagram callouts identify the parent service assembly; subdivided construction pieces and unlisted fasteners do not imply separate factory callouts. Local profiles, dimensions and unlisted fastener counts remain reconstructed. Riveted or bonded construction is shown for inspection, not as a service removal instruction."
"in-trim-right-underlay","interior-trim","Passenger floor sound pad","Insulating pad beneath the carpet.","cabin-trim","/references/fiero-parts-cd.pdf#page=351","12","","","","","Diagram callouts identify the parent service assembly; subdivided construction pieces and unlisted fasteners do not imply separate factory callouts. Local profiles, dimensions and unlisted fastener counts remain reconstructed. Riveted or bonded construction is shown for inspection, not as a service removal instruction."
"in-trim-right-sill","interior-trim","Passenger door-sill plate","Long removable sill trim with attachment recesses.","cabin-trim","/references/fiero-parts-cd.pdf#page=351","14","","","","","Diagram callouts identify the parent service assembly; subdivided construction pieces and unlisted fasteners do not imply separate factory callouts. Local profiles, dimensions and unlisted fastener counts remain reconstructed. Riveted or bonded construction is shown for inspection, not as a service removal instruction."
"in-trim-right-a-pillar","interior-trim","Passenger A-pillar interior garnish","Slim molded inner windshield-pillar trim following the shared body opening.","cabin-trim","/references/fiero-parts-cd.pdf#page=347","15","","","","","Diagram callouts identify the parent service assembly; subdivided construction pieces and unlisted fasteners do not imply separate factory callouts. Local profiles, dimensions and unlisted fastener counts remain reconstructed. Riveted or bonded construction is shown for inspection, not as a service removal instruction."
"in-trim-right-b-pillar","interior-trim","Passenger rear pillar garnish","Early 1985 quarter trim without the later sail-panel speakers.","cabin-trim","/references/fiero-parts-cd.pdf#page=347","17","","","","","Diagram callouts identify the parent service assembly; subdivided construction pieces and unlisted fasteners do not imply separate factory callouts. Local profiles, dimensions and unlisted fastener counts remain reconstructed. Riveted or bonded construction is shown for inspection, not as a service removal instruction."
"in-trim-right-visor","interior-trim","Passenger sun visor","Padded visor with separate pivot and support.","cabin-trim","/references/fiero-parts-cd.pdf#page=347","9","","","","","Diagram callouts identify the parent service assembly; subdivided construction pieces and unlisted fasteners do not imply separate factory callouts. Local profiles, dimensions and unlisted fastener counts remain reconstructed. Riveted or bonded construction is shown for inspection, not as a service removal instruction."
"in-trim-right-visor-pivot","interior-trim","Passenger visor pivot and bracket","Separate metal pivot and body bracket.","cabin-trim","/references/fiero-parts-cd.pdf#page=347","8","","","","","Diagram callouts identify the parent service assembly; subdivided construction pieces and unlisted fasteners do not imply separate factory callouts. Local profiles, dimensions and unlisted fastener counts remain reconstructed. Riveted or bonded construction is shown for inspection, not as a service removal instruction."
"in-trim-right-visor-clip","interior-trim","Passenger visor support clip","Independent inner visor retainer; support subcomponent reconstructed.","cabin-trim","/references/fiero-parts-cd.pdf#page=347","8","","","","","Diagram callouts identify the parent service assembly; subdivided construction pieces and unlisted fasteners do not imply separate factory callouts. Local profiles, dimensions and unlisted fastener counts remain reconstructed. Riveted or bonded construction is shown for inspection, not as a service removal instruction."
"in-trim-left-sill-screw-0","interior-trim","left sill screw 1","Individual sill-retaining screw; local pattern reconstructed.","cabin-trim","/references/fiero-parts-cd.pdf#page=351","14","","","","","Diagram callouts identify the parent service assembly; subdivided construction pieces and unlisted fasteners do not imply separate factory callouts. Local profiles, dimensions and unlisted fastener counts remain reconstructed. Riveted or bonded construction is shown for inspection, not as a service removal instruction."
"in-trim-left-sill-screw-1","interior-trim","left sill screw 2","Individual sill-retaining screw; local pattern reconstructed.","cabin-trim","/references/fiero-parts-cd.pdf#page=351","14","","","","","Diagram callouts identify the parent service assembly; subdivided construction pieces and unlisted fasteners do not imply separate factory callouts. Local profiles, dimensions and unlisted fastener counts remain reconstructed. Riveted or bonded construction is shown for inspection, not as a service removal instruction."
"in-trim-left-sill-screw-2","interior-trim","left sill screw 3","Individual sill-retaining screw; local pattern reconstructed.","cabin-trim","/references/fiero-parts-cd.pdf#page=351","14","","","","","Diagram callouts identify the parent service assembly; subdivided construction pieces and unlisted fasteners do not imply separate factory callouts. Local profiles, dimensions and unlisted fastener counts remain reconstructed. Riveted or bonded construction is shown for inspection, not as a service removal instruction."
"in-trim-left-sill-screw-3","interior-trim","left sill screw 4","Individual sill-retaining screw; local pattern reconstructed.","cabin-trim","/references/fiero-parts-cd.pdf#page=351","14","","","","","Diagram callouts identify the parent service assembly; subdivided construction pieces and unlisted fasteners do not imply separate factory callouts. Local profiles, dimensions and unlisted fastener counts remain reconstructed. Riveted or bonded construction is shown for inspection, not as a service removal instruction."
"in-trim-left-visor-screw-0","interior-trim","left visor bracket screw 1","Individual visor pivot bracket screw.","cabin-trim","/references/fiero-parts-cd.pdf#page=347","9","","","","","Diagram callouts identify the parent service assembly; subdivided construction pieces and unlisted fasteners do not imply separate factory callouts. Local profiles, dimensions and unlisted fastener counts remain reconstructed. Riveted or bonded construction is shown for inspection, not as a service removal instruction."
"in-trim-left-visor-screw-1","interior-trim","left visor bracket screw 2","Individual visor pivot bracket screw.","cabin-trim","/references/fiero-parts-cd.pdf#page=347","9","","","","","Diagram callouts identify the parent service assembly; subdivided construction pieces and unlisted fasteners do not imply separate factory callouts. Local profiles, dimensions and unlisted fastener counts remain reconstructed. Riveted or bonded construction is shown for inspection, not as a service removal instruction."
"in-trim-left-visor-screw-2","interior-trim","left visor bracket screw 3","Individual visor pivot bracket screw.","cabin-trim","/references/fiero-parts-cd.pdf#page=347","9","","","","","Diagram callouts identify the parent service assembly; subdivided construction pieces and unlisted fasteners do not imply separate factory callouts. Local profiles, dimensions and unlisted fastener counts remain reconstructed. Riveted or bonded construction is shown for inspection, not as a service removal instruction."
"in-trim-left-mat","interior-trim","left removable floor mat","Independent carpeted footwell mat.","cabin-trim","/references/fiero-parts-cd.pdf#page=351","12","floorMats","true","","","Diagram callouts identify the parent service assembly; subdivided construction pieces and unlisted fasteners do not imply separate factory callouts. Local profiles, dimensions and unlisted fastener counts remain reconstructed. Riveted or bonded construction is shown for inspection, not as a service removal instruction."
"in-trim-right-sill-screw-0","interior-trim","right sill screw 1","Individual sill-retaining screw; local pattern reconstructed.","cabin-trim","/references/fiero-parts-cd.pdf#page=351","14","","","","","Diagram callouts identify the parent service assembly; subdivided construction pieces and unlisted fasteners do not imply separate factory callouts. Local profiles, dimensions and unlisted fastener counts remain reconstructed. Riveted or bonded construction is shown for inspection, not as a service removal instruction."
"in-trim-right-sill-screw-1","interior-trim","right sill screw 2","Individual sill-retaining screw; local pattern reconstructed.","cabin-trim","/references/fiero-parts-cd.pdf#page=351","14","","","","","Diagram callouts identify the parent service assembly; subdivided construction pieces and unlisted fasteners do not imply separate factory callouts. Local profiles, dimensions and unlisted fastener counts remain reconstructed. Riveted or bonded construction is shown for inspection, not as a service removal instruction."
"in-trim-right-sill-screw-2","interior-trim","right sill screw 3","Individual sill-retaining screw; local pattern reconstructed.","cabin-trim","/references/fiero-parts-cd.pdf#page=351","14","","","","","Diagram callouts identify the parent service assembly; subdivided construction pieces and unlisted fasteners do not imply separate factory callouts. Local profiles, dimensions and unlisted fastener counts remain reconstructed. Riveted or bonded construction is shown for inspection, not as a service removal instruction."
"in-trim-right-sill-screw-3","interior-trim","right sill screw 4","Individual sill-retaining screw; local pattern reconstructed.","cabin-trim","/references/fiero-parts-cd.pdf#page=351","14","","","","","Diagram callouts identify the parent service assembly; subdivided construction pieces and unlisted fasteners do not imply separate factory callouts. Local profiles, dimensions and unlisted fastener counts remain reconstructed. Riveted or bonded construction is shown for inspection, not as a service removal instruction."
"in-trim-right-visor-screw-0","interior-trim","right visor bracket screw 1","Individual visor pivot bracket screw.","cabin-trim","/references/fiero-parts-cd.pdf#page=347","9","","","","","Diagram callouts identify the parent service assembly; subdivided construction pieces and unlisted fasteners do not imply separate factory callouts. Local profiles, dimensions and unlisted fastener counts remain reconstructed. Riveted or bonded construction is shown for inspection, not as a service removal instruction."
"in-trim-right-visor-screw-1","interior-trim","right visor bracket screw 2","Individual visor pivot bracket screw.","cabin-trim","/references/fiero-parts-cd.pdf#page=347","9","","","","","Diagram callouts identify the parent service assembly; subdivided construction pieces and unlisted fasteners do not imply separate factory callouts. Local profiles, dimensions and unlisted fastener counts remain reconstructed. Riveted or bonded construction is shown for inspection, not as a service removal instruction."
"in-trim-right-visor-screw-2","interior-trim","right visor bracket screw 3","Individual visor pivot bracket screw.","cabin-trim","/references/fiero-parts-cd.pdf#page=347","9","","","","","Diagram callouts identify the parent service assembly; subdivided construction pieces and unlisted fasteners do not imply separate factory callouts. Local profiles, dimensions and unlisted fastener counts remain reconstructed. Riveted or bonded construction is shown for inspection, not as a service removal instruction."
"in-trim-right-mat","interior-trim","right removable floor mat","Independent carpeted footwell mat.","cabin-trim","/references/fiero-parts-cd.pdf#page=351","12","floorMats","true","","","Diagram callouts identify the parent service assembly; subdivided construction pieces and unlisted fasteners do not imply separate factory callouts. Local profiles, dimensions and unlisted fastener counts remain reconstructed. Riveted or bonded construction is shown for inspection, not as a service removal instruction."
"in-trim-vanity","interior-trim","Passenger visor vanity mirror","Mirror and fitted surround on the passenger visor.","cabin-trim","/references/fiero-parts-cd.pdf#page=347","12","vanityMirror","true","","","Diagram callouts identify the parent service assembly; subdivided construction pieces and unlisted fasteners do not imply separate factory callouts. Local profiles, dimensions and unlisted fastener counts remain reconstructed. Riveted or bonded construction is shown for inspection, not as a service removal instruction."
"in-steering-rim","interior-steering","Three-spoke steering wheel","Round rim with two horizontal spokes and a lower spoke, matching the 1985 brochure.","steering-wheel","/references/fiero-parts-cd.pdf#page=289","","","","","","Diagram callouts identify the parent service assembly; subdivided construction pieces and unlisted fasteners do not imply separate factory callouts. Local profiles, dimensions and unlisted fastener counts remain reconstructed. Riveted or bonded construction is shown for inspection, not as a service removal instruction."
"in-steering-horn","interior-steering","Horn button","Separate round centre pad.","steering-wheel","/references/fiero-parts-cd.pdf#page=289","","","","","","Diagram callouts identify the parent service assembly; subdivided construction pieces and unlisted fasteners do not imply separate factory callouts. Local profiles, dimensions and unlisted fastener counts remain reconstructed. Riveted or bonded construction is shown for inspection, not as a service removal instruction."
"in-steering-contact","interior-steering","Horn contact plate and spring","Contact plate and spring behind the pad; electrical operation is not simulated.","steering-wheel","/references/fiero-parts-cd.pdf#page=289","","","","","","Diagram callouts identify the parent service assembly; subdivided construction pieces and unlisted fasteners do not imply separate factory callouts. Local profiles, dimensions and unlisted fastener counts remain reconstructed. Riveted or bonded construction is shown for inspection, not as a service removal instruction."
"in-steering-nut","interior-steering","Steering wheel shaft nut","Individual wheel-retaining nut.","steering-wheel","/references/fiero-parts-cd.pdf#page=289","","","","","","Diagram callouts identify the parent service assembly; subdivided construction pieces and unlisted fasteners do not imply separate factory callouts. Local profiles, dimensions and unlisted fastener counts remain reconstructed. Riveted or bonded construction is shown for inspection, not as a service removal instruction."
"in-steering-upper-shroud","interior-steering","Upper column shroud","Removable upper half of the column trim.","steering-wheel","/references/fiero-parts-cd.pdf#page=289","","","","","","Diagram callouts identify the parent service assembly; subdivided construction pieces and unlisted fasteners do not imply separate factory callouts. Local profiles, dimensions and unlisted fastener counts remain reconstructed. Riveted or bonded construction is shown for inspection, not as a service removal instruction."
"in-steering-lower-shroud","interior-steering","Lower column shroud","Removable lower half of the column trim.","steering-wheel","/references/fiero-parts-cd.pdf#page=289","","","","","","Diagram callouts identify the parent service assembly; subdivided construction pieces and unlisted fasteners do not imply separate factory callouts. Local profiles, dimensions and unlisted fastener counts remain reconstructed. Riveted or bonded construction is shown for inspection, not as a service removal instruction."
"in-steering-column","interior-steering","Column jacket and shaft","Column support and lower shaft. Full collapsible/tilt internals remain grouped.","steering-wheel","/references/fiero-parts-cd.pdf#page=289","","","","","","Diagram callouts identify the parent service assembly; subdivided construction pieces and unlisted fasteners do not imply separate factory callouts. Local profiles, dimensions and unlisted fastener counts remain reconstructed. Riveted or bonded construction is shown for inspection, not as a service removal instruction."
"in-steering-stalk","interior-steering","Turn-signal/dimmer stalk","Independent stalk with an option-specific cruise end.","steering-wheel","/references/fiero-parts-cd.pdf#page=289","","","","","","Diagram callouts identify the parent service assembly; subdivided construction pieces and unlisted fasteners do not imply separate factory callouts. Local profiles, dimensions and unlisted fastener counts remain reconstructed. Riveted or bonded construction is shown for inspection, not as a service removal instruction."
"in-steering-ignition","interior-steering","Ignition lock cylinder","Right-side key cylinder and bezel.","steering-wheel","/references/fiero-parts-cd.pdf#page=289","","","","","","Diagram callouts identify the parent service assembly; subdivided construction pieces and unlisted fasteners do not imply separate factory callouts. Local profiles, dimensions and unlisted fastener counts remain reconstructed. Riveted or bonded construction is shown for inspection, not as a service removal instruction."
"in-steering-hazard","interior-steering","Hazard switch button","Separate hazard pull button.","steering-wheel","/references/fiero-parts-cd.pdf#page=289","","","","","","Diagram callouts identify the parent service assembly; subdivided construction pieces and unlisted fasteners do not imply separate factory callouts. Local profiles, dimensions and unlisted fastener counts remain reconstructed. Riveted or bonded construction is shown for inspection, not as a service removal instruction."
"in-steering-screw-0","interior-steering","Column shroud screw 1","Individual shroud attachment screw.","steering-wheel","/references/fiero-parts-cd.pdf#page=289","","","","","","Diagram callouts identify the parent service assembly; subdivided construction pieces and unlisted fasteners do not imply separate factory callouts. Local profiles, dimensions and unlisted fastener counts remain reconstructed. Riveted or bonded construction is shown for inspection, not as a service removal instruction."
"in-steering-screw-1","interior-steering","Column shroud screw 2","Individual shroud attachment screw.","steering-wheel","/references/fiero-parts-cd.pdf#page=289","","","","","","Diagram callouts identify the parent service assembly; subdivided construction pieces and unlisted fasteners do not imply separate factory callouts. Local profiles, dimensions and unlisted fastener counts remain reconstructed. Riveted or bonded construction is shown for inspection, not as a service removal instruction."
"in-steering-screw-2","interior-steering","Column shroud screw 3","Individual shroud attachment screw.","steering-wheel","/references/fiero-parts-cd.pdf#page=289","","","","","","Diagram callouts identify the parent service assembly; subdivided construction pieces and unlisted fasteners do not imply separate factory callouts. Local profiles, dimensions and unlisted fastener counts remain reconstructed. Riveted or bonded construction is shown for inspection, not as a service removal instruction."
"in-pedal-clutch-arm","interior-pedals","Clutch pedal arm","Separate clutch pedal arm and upper pivot.","pedals","/references/fiero-parts-cd.pdf#page=289","","","","","","Diagram callouts identify the parent service assembly; subdivided construction pieces and unlisted fasteners do not imply separate factory callouts. Local profiles, dimensions and unlisted fastener counts remain reconstructed. Riveted or bonded construction is shown for inspection, not as a service removal instruction."
"in-pedal-clutch-pad","interior-pedals","Clutch pedal rubber pad","Removable ribbed pad.","pedals","/references/fiero-parts-cd.pdf#page=289","","","","","","Diagram callouts identify the parent service assembly; subdivided construction pieces and unlisted fasteners do not imply separate factory callouts. Local profiles, dimensions and unlisted fastener counts remain reconstructed. Riveted or bonded construction is shown for inspection, not as a service removal instruction."
"in-pedal-clutch-pivot","interior-pedals","Clutch pedal pivot and bushes","Pivot pin and bush pair, separated as an inspection set.","pedals","/references/fiero-parts-cd.pdf#page=289","","","","","","Diagram callouts identify the parent service assembly; subdivided construction pieces and unlisted fasteners do not imply separate factory callouts. Local profiles, dimensions and unlisted fastener counts remain reconstructed. Riveted or bonded construction is shown for inspection, not as a service removal instruction."
"in-pedal-clutch-spring","interior-pedals","Clutch pedal return spring","Separate torsion spring at the pivot. Rate and travel remain unverified.","pedals","/references/fiero-parts-cd.pdf#page=289","","","","","","Diagram callouts identify the parent service assembly; subdivided construction pieces and unlisted fasteners do not imply separate factory callouts. Local profiles, dimensions and unlisted fastener counts remain reconstructed. Riveted or bonded construction is shown for inspection, not as a service removal instruction."
"in-pedal-accelerator","interior-pedals","Accelerator pedal","Narrow ribbed accelerator with hinge.","pedals","/references/fiero-parts-cd.pdf#page=289","","","","","","Diagram callouts identify the parent service assembly; subdivided construction pieces and unlisted fasteners do not imply separate factory callouts. Local profiles, dimensions and unlisted fastener counts remain reconstructed. Riveted or bonded construction is shown for inspection, not as a service removal instruction."
"in-pedal-throttle-cable","interior-pedals","Accelerator cable end","Cable end, guide and short route through the footwell.","pedals","/references/fiero-parts-cd.pdf#page=289","","","","","","Diagram callouts identify the parent service assembly; subdivided construction pieces and unlisted fasteners do not imply separate factory callouts. Local profiles, dimensions and unlisted fastener counts remain reconstructed. Riveted or bonded construction is shown for inspection, not as a service removal instruction."
"in-parking-lever","interior-pedals","Parking-brake lever","Outboard driver-side handle and ratchet support.","pedals","/references/fiero-parts-cd.pdf#page=289","","","","true","brake-parking","Diagram callouts identify the parent service assembly; subdivided construction pieces and unlisted fasteners do not imply separate factory callouts. Local profiles, dimensions and unlisted fastener counts remain reconstructed. Riveted or bonded construction is shown for inspection, not as a service removal instruction."
"in-parking-boot","interior-pedals","Parking-brake trim boot","Slotted gaiter around the outboard handle.","pedals","/references/fiero-parts-cd.pdf#page=289","","","","true","brake-parking","Diagram callouts identify the parent service assembly; subdivided construction pieces and unlisted fasteners do not imply separate factory callouts. Local profiles, dimensions and unlisted fastener counts remain reconstructed. Riveted or bonded construction is shown for inspection, not as a service removal instruction."
"in-shared-light-controls","interior-dashboard","Headlight switch and panel dimmer · open components","Shared installed assembly; open its existing explorer for its independently selectable internal parts.","lighting-controls","/references/fiero-parts-cd.pdf#page=290","","","","true","headlight-controls","Diagram callouts identify the parent service assembly; subdivided construction pieces and unlisted fasteners do not imply separate factory callouts. Local profiles, dimensions and unlisted fastener counts remain reconstructed. Riveted or bonded construction is shown for inspection, not as a service removal instruction."
"in-shared-cluster","interior-dashboard","1985 instrument pod · open component explorer","Shared installed assembly; open its existing explorer for its independently selectable internal parts.","instrument-cluster","/references/fiero-parts-cd.pdf#page=289","","","","true","wiring-cluster","Diagram callouts identify the parent service assembly; subdivided construction pieces and unlisted fasteners do not imply separate factory callouts. Local profiles, dimensions and unlisted fastener counts remain reconstructed. Riveted or bonded construction is shown for inspection, not as a service removal instruction."
"in-shared-outlets","interior-dashboard","Cabin vents · open HVAC explorer","Shared installed assembly; open its existing explorer for its independently selectable internal parts.","hvac-ducts","/references/fiero-parts-cd.pdf#page=289","","","","true","hvac-ducts","Diagram callouts identify the parent service assembly; subdivided construction pieces and unlisted fasteners do not imply separate factory callouts. Local profiles, dimensions and unlisted fastener counts remain reconstructed. Riveted or bonded construction is shown for inspection, not as a service removal instruction."
"in-shared-heater","interior-console","Heater/A/C control · open component explorer","Shared installed assembly; open its existing explorer for its independently selectable internal parts.","hvac-controls","/references/fiero-parts-cd.pdf#page=294","","","","true","hvac-controls","Diagram callouts identify the parent service assembly; subdivided construction pieces and unlisted fasteners do not imply separate factory callouts. Local profiles, dimensions and unlisted fastener counts remain reconstructed. Riveted or bonded construction is shown for inspection, not as a service removal instruction."
"in-shared-ecm","interior-console","Rear-console ECM · open component explorer","Shared installed assembly; open its existing explorer for its independently selectable internal parts.","ecm","/references/fiero-parts-cd.pdf#page=294","","","","true","wiring-ecm","Diagram callouts identify the parent service assembly; subdivided construction pieces and unlisted fasteners do not imply separate factory callouts. Local profiles, dimensions and unlisted fastener counts remain reconstructed. Riveted or bonded construction is shown for inspection, not as a service removal instruction."
"in-shared-brake","interior-pedals","Brake pedal · open component explorer","Shared installed assembly; open its existing explorer for its independently selectable internal parts.","pedals","/references/fiero-parts-cd.pdf#page=289","","","","true","brake-pedal","Diagram callouts identify the parent service assembly; subdivided construction pieces and unlisted fasteners do not imply separate factory callouts. Local profiles, dimensions and unlisted fastener counts remain reconstructed. Riveted or bonded construction is shown for inspection, not as a service removal instruction."
"in-shared-dome","interior-trim","Overhead lamps · open component explorer","Shared installed assembly; open its existing explorer for its independently selectable internal parts.","cabin-lamps","/references/fiero-parts-cd.pdf#page=347","","","","true","lighting-dome","Diagram callouts identify the parent service assembly; subdivided construction pieces and unlisted fasteners do not imply separate factory callouts. Local profiles, dimensions and unlisted fastener counts remain reconstructed. Riveted or bonded construction is shown for inspection, not as a service removal instruction."
"in-seat-left-pivot-bushes","interior-seat-left","Seat left hinge bushings","Separate inner/outer hinge bush set; GM early seat drawing callout 4.","seats","/references/fiero-parts-cd.pdf#page=351","4","","","","","Diagram callouts identify the parent service assembly; subdivided construction pieces and unlisted fasteners do not imply separate factory callouts. Local profiles, dimensions and unlisted fastener counts remain reconstructed. Riveted or bonded construction is shown for inspection, not as a service removal instruction."
"in-seat-left-stereo-harness","interior-seat-left","Seat left stereo harness","1985 seat branch and floor connector, separate from the short speaker leads. Exact terminal population remains unverified.","seats","/references/fiero-parts-cd.pdf#page=351","6","speakerSeats","true","","","Diagram callouts identify the parent service assembly; subdivided construction pieces and unlisted fasteners do not imply separate factory callouts. Local profiles, dimensions and unlisted fastener counts remain reconstructed. Riveted or bonded construction is shown for inspection, not as a service removal instruction."
"in-door-left-crank-bearing","interior-door-left","Driver window-crank bearing plate","Separate early door-fitting component; local shape and unspecified quantity reconstructed.","door-trim-left","/references/fiero-parts-cd.pdf#page=347","32","powerWindows","false","","","Diagram callouts identify the parent service assembly; subdivided construction pieces and unlisted fasteners do not imply separate factory callouts. Local profiles, dimensions and unlisted fastener counts remain reconstructed. Riveted or bonded construction is shown for inspection, not as a service removal instruction."
"in-door-left-pocket-clips","interior-door-left","Driver map-pocket clip set","Separate early door-fitting component; local shape and unspecified quantity reconstructed.","door-trim-left","/references/fiero-parts-cd.pdf#page=347","30","mapPockets","true","","","Diagram callouts identify the parent service assembly; subdivided construction pieces and unlisted fasteners do not imply separate factory callouts. Local profiles, dimensions and unlisted fastener counts remain reconstructed. Riveted or bonded construction is shown for inspection, not as a service removal instruction."
"in-door-left-armrest-plug","interior-door-left","Driver armrest screw-access plug","Separate early door-fitting component; local shape and unspecified quantity reconstructed.","door-trim-left","/references/fiero-parts-cd.pdf#page=347","34","","","","","Diagram callouts identify the parent service assembly; subdivided construction pieces and unlisted fasteners do not imply separate factory callouts. Local profiles, dimensions and unlisted fastener counts remain reconstructed. Riveted or bonded construction is shown for inspection, not as a service removal instruction."
"in-door-left-upper-bracket","interior-door-left","Driver upper armrest hanger plate","Separate early door-fitting component; local shape and unspecified quantity reconstructed.","door-trim-left","/references/fiero-parts-cd.pdf#page=347","36","","","","","Diagram callouts identify the parent service assembly; subdivided construction pieces and unlisted fasteners do not imply separate factory callouts. Local profiles, dimensions and unlisted fastener counts remain reconstructed. Riveted or bonded construction is shown for inspection, not as a service removal instruction."
"in-door-left-armrest-nuts","interior-door-left","Driver armrest hanger nut set","Separate early door-fitting component; local shape and unspecified quantity reconstructed.","door-trim-left","/references/fiero-parts-cd.pdf#page=347","35","","","","","Diagram callouts identify the parent service assembly; subdivided construction pieces and unlisted fasteners do not imply separate factory callouts. Local profiles, dimensions and unlisted fastener counts remain reconstructed. Riveted or bonded construction is shown for inspection, not as a service removal instruction."
"in-trim-left-lower-garnish","interior-trim","Driver lower windshield-side molding","Removable lower garnish at the forward door opening.","cabin-trim","/references/fiero-parts-cd.pdf#page=347","14","","","","","Diagram callouts identify the parent service assembly; subdivided construction pieces and unlisted fasteners do not imply separate factory callouts. Local profiles, dimensions and unlisted fastener counts remain reconstructed. Riveted or bonded construction is shown for inspection, not as a service removal instruction."
"in-console-left-carpet-support","interior-console","Driver console carpet support","Separate lower console side support channel.","shifter","/references/fiero-parts-cd.pdf#page=294","41","","","","","Diagram callouts identify the parent service assembly; subdivided construction pieces and unlisted fasteners do not imply separate factory callouts. Local profiles, dimensions and unlisted fastener counts remain reconstructed. Riveted or bonded construction is shown for inspection, not as a service removal instruction."
"in-seat-right-pivot-bushes","interior-seat-right","Seat right hinge bushings","Separate inner/outer hinge bush set; GM early seat drawing callout 4.","seats","/references/fiero-parts-cd.pdf#page=351","4","","","","","Diagram callouts identify the parent service assembly; subdivided construction pieces and unlisted fasteners do not imply separate factory callouts. Local profiles, dimensions and unlisted fastener counts remain reconstructed. Riveted or bonded construction is shown for inspection, not as a service removal instruction."
"in-seat-right-stereo-harness","interior-seat-right","Seat right stereo harness","1985 seat branch and floor connector, separate from the short speaker leads. Exact terminal population remains unverified.","seats","/references/fiero-parts-cd.pdf#page=351","6","speakerSeats","true","","","Diagram callouts identify the parent service assembly; subdivided construction pieces and unlisted fasteners do not imply separate factory callouts. Local profiles, dimensions and unlisted fastener counts remain reconstructed. Riveted or bonded construction is shown for inspection, not as a service removal instruction."
"in-door-right-crank-bearing","interior-door-right","Passenger window-crank bearing plate","Separate early door-fitting component; local shape and unspecified quantity reconstructed.","door-trim-right","/references/fiero-parts-cd.pdf#page=347","32","powerWindows","false","","","Diagram callouts identify the parent service assembly; subdivided construction pieces and unlisted fasteners do not imply separate factory callouts. Local profiles, dimensions and unlisted fastener counts remain reconstructed. Riveted or bonded construction is shown for inspection, not as a service removal instruction."
"in-door-right-pocket-clips","interior-door-right","Passenger map-pocket clip set","Separate early door-fitting component; local shape and unspecified quantity reconstructed.","door-trim-right","/references/fiero-parts-cd.pdf#page=347","30","mapPockets","true","","","Diagram callouts identify the parent service assembly; subdivided construction pieces and unlisted fasteners do not imply separate factory callouts. Local profiles, dimensions and unlisted fastener counts remain reconstructed. Riveted or bonded construction is shown for inspection, not as a service removal instruction."
"in-door-right-armrest-plug","interior-door-right","Passenger armrest screw-access plug","Separate early door-fitting component; local shape and unspecified quantity reconstructed.","door-trim-right","/references/fiero-parts-cd.pdf#page=347","34","","","","","Diagram callouts identify the parent service assembly; subdivided construction pieces and unlisted fasteners do not imply separate factory callouts. Local profiles, dimensions and unlisted fastener counts remain reconstructed. Riveted or bonded construction is shown for inspection, not as a service removal instruction."
"in-door-right-upper-bracket","interior-door-right","Passenger upper armrest hanger plate","Separate early door-fitting component; local shape and unspecified quantity reconstructed.","door-trim-right","/references/fiero-parts-cd.pdf#page=347","36","","","","","Diagram callouts identify the parent service assembly; subdivided construction pieces and unlisted fasteners do not imply separate factory callouts. Local profiles, dimensions and unlisted fastener counts remain reconstructed. Riveted or bonded construction is shown for inspection, not as a service removal instruction."
"in-door-right-armrest-nuts","interior-door-right","Passenger armrest hanger nut set","Separate early door-fitting component; local shape and unspecified quantity reconstructed.","door-trim-right","/references/fiero-parts-cd.pdf#page=347","35","","","","","Diagram callouts identify the parent service assembly; subdivided construction pieces and unlisted fasteners do not imply separate factory callouts. Local profiles, dimensions and unlisted fastener counts remain reconstructed. Riveted or bonded construction is shown for inspection, not as a service removal instruction."
"in-trim-right-lower-garnish","interior-trim","Passenger lower windshield-side molding","Removable lower garnish at the forward door opening.","cabin-trim","/references/fiero-parts-cd.pdf#page=347","14","","","","","Diagram callouts identify the parent service assembly; subdivided construction pieces and unlisted fasteners do not imply separate factory callouts. Local profiles, dimensions and unlisted fastener counts remain reconstructed. Riveted or bonded construction is shown for inspection, not as a service removal instruction."
"in-console-right-carpet-support","interior-console","Passenger console carpet support","Separate lower console side support channel.","shifter","/references/fiero-parts-cd.pdf#page=294","41","","","","","Diagram callouts identify the parent service assembly; subdivided construction pieces and unlisted fasteners do not imply separate factory callouts. Local profiles, dimensions and unlisted fastener counts remain reconstructed. Riveted or bonded construction is shown for inspection, not as a service removal instruction."
"in-console-storage-strap","interior-console","Storage-door retaining strap","Flexible strap limits the open door; a static installed construction view.","shifter","/references/fiero-parts-cd.pdf#page=294","24","","","","","Diagram callouts identify the parent service assembly; subdivided construction pieces and unlisted fasteners do not imply separate factory callouts. Local profiles, dimensions and unlisted fastener counts remain reconstructed. Riveted or bonded construction is shown for inspection, not as a service removal instruction."
"in-console-shift-seal","interior-console","Shift-trim/carrier seal","Thin continuous gasket beneath the shift insert.","shifter","/references/fiero-parts-cd.pdf#page=294","11","","","","","Diagram callouts identify the parent service assembly; subdivided construction pieces and unlisted fasteners do not imply separate factory callouts. Local profiles, dimensions and unlisted fastener counts remain reconstructed. Riveted or bonded construction is shown for inspection, not as a service removal instruction."
"in-console-shift-clips","interior-console","Shift-plate spring clip set","Separate spring clips beneath the trim plate.","shifter","/references/fiero-parts-cd.pdf#page=294","10","","","","","Diagram callouts identify the parent service assembly; subdivided construction pieces and unlisted fasteners do not imply separate factory callouts. Local profiles, dimensions and unlisted fastener counts remain reconstructed. Riveted or bonded construction is shown for inspection, not as a service removal instruction."
"in-console-lighter-plate","interior-console","Lighter console trim plate","Small escutcheon around the cigarette-lighter socket.","shifter","/references/fiero-parts-cd.pdf#page=294","33","","","","","Diagram callouts identify the parent service assembly; subdivided construction pieces and unlisted fasteners do not imply separate factory callouts. Local profiles, dimensions and unlisted fastener counts remain reconstructed. Riveted or bonded construction is shown for inspection, not as a service removal instruction."
"in-console-lighter-lamp","interior-console","Cigarette-lighter lamp","Separate bulb and holder behind the console plate; circuit remains unverified.","shifter","/references/fiero-parts-cd.pdf#page=294","36","","","","","Diagram callouts identify the parent service assembly; subdivided construction pieces and unlisted fasteners do not imply separate factory callouts. Local profiles, dimensions and unlisted fastener counts remain reconstructed. Riveted or bonded construction is shown for inspection, not as a service removal instruction."
"in-console-carpet-retainers","interior-console","Console carpet retaining set","Separate carpet-retaining channels and clips; count reconstructed.","shifter","/references/fiero-parts-cd.pdf#page=294","38","","","","","Diagram callouts identify the parent service assembly; subdivided construction pieces and unlisted fasteners do not imply separate factory callouts. Local profiles, dimensions and unlisted fastener counts remain reconstructed. Riveted or bonded construction is shown for inspection, not as a service removal instruction."
"in-dash-accessory-panel","interior-dashboard","Right instrument-pod accessory plate","Removable narrow panel opposite the lighting controls; opening accepts the optional rear-defogger switch.","dashboard","/references/fiero-parts-cd.pdf#page=290","15","","","","","Diagram callouts identify the parent service assembly; subdivided construction pieces and unlisted fasteners do not imply separate factory callouts. Local profiles, dimensions and unlisted fastener counts remain reconstructed. Riveted or bonded construction is shown for inspection, not as a service removal instruction."
"in-dash-column-filler","interior-dashboard","Column-opening filler","Removable lower filler under the instrument pod.","dashboard","/references/fiero-parts-cd.pdf#page=290","17","","","","","Diagram callouts identify the parent service assembly; subdivided construction pieces and unlisted fasteners do not imply separate factory callouts. Local profiles, dimensions and unlisted fastener counts remain reconstructed. Riveted or bonded construction is shown for inspection, not as a service removal instruction."
"in-dash-mount-unuts","interior-dashboard","Dashboard U-nut set","Separate nylon U-type attachment nuts; reconstructed pattern.","dashboard","/references/fiero-parts-cd.pdf#page=290","4","","","","","Diagram callouts identify the parent service assembly; subdivided construction pieces and unlisted fasteners do not imply separate factory callouts. Local profiles, dimensions and unlisted fastener counts remain reconstructed. Riveted or bonded construction is shown for inspection, not as a service removal instruction."
"in-dash-defrost-switch","interior-dashboard","Rear-window defogger switch","Optional rocker/control housing in the right accessory plate. Electrical timer internals remain grouped.","dashboard","/references/fiero-parts-cd.pdf#page=290","18","rearDefrost","true","","","Diagram callouts identify the parent service assembly; subdivided construction pieces and unlisted fasteners do not imply separate factory callouts. Local profiles, dimensions and unlisted fastener counts remain reconstructed. Riveted or bonded construction is shown for inspection, not as a service removal instruction."
"in-shared-center-outlet","interior-console","Centre adjustable air outlet · open HVAC explorer","Shared centre outlet, placed with the console for an assembled trim/control view. The rest of the ducts remain in Dashboard.","hvac-ducts","/references/fiero-parts-cd.pdf#page=294","42","","","true","hvac-ducts","Diagram callouts identify the parent service assembly; subdivided construction pieces and unlisted fasteners do not imply separate factory callouts. Local profiles, dimensions and unlisted fastener counts remain reconstructed. Riveted or bonded construction is shown for inspection, not as a service removal instruction."
